nuclei,File,Nuclei,n_pairs,tmrFile,Cy5File,X_Cy5,Y_Cy5,Z_Cy5,X_tmr,Y_tmr,Z_tmr,Pair,Distance
1,001.NM,1,2,/home/xiaoze/Desktop/user_folders/Xiaoze/FRET-FISH/iAM752_20220503_001/tmr_001.tif,/home/xiaoze/Desktop/user_folders/Xiaoze/FRET-FISH/iAM752_20220503_001/Cy5_001.tif,150,324,20,147,322,22,1,4.12310562561766
1,001.NM,1,2,/home/xiaoze/Desktop/user_folders/Xiaoze/FRET-FISH/iAM752_20220503_001/tmr_001.tif,/home/xiaoze/Desktop/user_folders/Xiaoze/FRET-FISH/iAM752_20220503_001/Cy5_001.tif,104,274,24,102,268,25,2,6.40312423743285
3,001.NM,3,2,/home/xiaoze/Desktop/user_folders/Xiaoze/FRET-FISH/iAM752_20220503_001/tmr_001.tif,/home/xiaoze/Desktop/user_folders/Xiaoze/FRET-FISH/iAM752_20220503_001/Cy5_001.tif,266,606,21,267,611,23,1,5.47722557505166
3,001.NM,3,2,/home/xiaoze/Desktop/user_folders/Xiaoze/FRET-FISH/iAM752_20220503_001/tmr_001.tif,/home/xiaoze/Desktop/user_folders/Xiaoze/FRET-FISH/iAM752_20220503_001/Cy5_001.tif,260,701,23,261,701,26,2,3.16227766016838
5,002.NM,2,2,/home/xiaoze/Desktop/user_folders/Xiaoze/FRET-FISH/iAM752_20220503_001/tmr_002.tif,/home/xiaoze/Desktop/user_folders/Xiaoze/FRET-FISH/iAM752_20220503_001/Cy5_002.tif,622,340,22,617,336,21,1,6.48074069840786
5,002.NM,2,2,/home/xiaoze/Desktop/user_folders/Xiaoze/FRET-FISH/iAM752_20220503_001/tmr_002.tif,/home/xiaoze/Desktop/user_folders/Xiaoze/FRET-FISH/iAM752_20220503_001/Cy5_002.tif,520,312,23,521,317,25,2,5.47722557505166
6,002.NM,3,2,/home/xiaoze/Desktop/user_folders/Xiaoze/FRET-FISH/iAM752_20220503_001/tmr_002.tif,/home/xiaoze/Desktop/user_folders/Xiaoze/FRET-FISH/iAM752_20220503_001/Cy5_002.tif,206,463,16,210,460,18,1,5.3851648071345
6,002.NM,3,2,/home/xiaoze/Desktop/user_folders/Xiaoze/FRET-FISH/iAM752_20220503_001/tmr_002.tif,/home/xiaoze/Desktop/user_folders/Xiaoze/FRET-FISH/iAM752_20220503_001/Cy5_002.tif,145,464,27,145,465,30,2,3.16227766016838
10,003.NM,2,2,/home/xiaoze/Desktop/user_folders/Xiaoze/FRET-FISH/iAM752_20220503_001/tmr_003.tif,/home/xiaoze/Desktop/user_folders/Xiaoze/FRET-FISH/iAM752_20220503_001/Cy5_003.tif,145,285,20,147,281,18,1,4.89897948556636
10,003.NM,2,2,/home/xiaoze/Desktop/user_folders/Xiaoze/FRET-FISH/iAM752_20220503_001/tmr_003.tif,/home/xiaoze/Desktop/user_folders/Xiaoze/FRET-FISH/iAM752_20220503_001/Cy5_003.tif,172,235,21,176,230,20,2,6.48074069840786
12,003.NM,4,2,/home/xiaoze/Desktop/user_folders/Xiaoze/FRET-FISH/iAM752_20220503_001/tmr_003.tif,/home/xiaoze/Desktop/user_folders/Xiaoze/FRET-FISH/iAM752_20220503_001/Cy5_003.tif,190,454,22,193,448,22,1,6.70820393249937
12,003.NM,4,2,/home/xiaoze/Desktop/user_folders/Xiaoze/FRET-FISH/iAM752_20220503_001/tmr_003.tif,/home/xiaoze/Desktop/user_folders/Xiaoze/FRET-FISH/iAM752_20220503_001/Cy5_003.tif,257,413,20,257,406,20,2,7
17,004.NM,4,2,/home/xiaoze/Desktop/user_folders/Xiaoze/FRET-FISH/iAM752_20220503_001/tmr_004.tif,/home/xiaoze/Desktop/user_folders/Xiaoze/FRET-FISH/iAM752_20220503_001/Cy5_004.tif,500,740,16,494,739,15,1,6.16441400296898
17,004.NM,4,2,/home/xiaoze/Desktop/user_folders/Xiaoze/FRET-FISH/iAM752_20220503_001/tmr_004.tif,/home/xiaoze/Desktop/user_folders/Xiaoze/FRET-FISH/iAM752_20220503_001/Cy5_004.tif,466,797,14,466,796,17,2,3.16227766016838
18,004.NM,5,2,/home/xiaoze/Desktop/user_folders/Xiaoze/FRET-FISH/iAM752_20220503_001/tmr_004.tif,/home/xiaoze/Desktop/user_folders/Xiaoze/FRET-FISH/iAM752_20220503_001/Cy5_004.tif,646,808,15,642,811,17,1,5.3851648071345
18,004.NM,5,2,/home/xiaoze/Desktop/user_folders/Xiaoze/FRET-FISH/iAM752_20220503_001/tmr_004.tif,/home/xiaoze/Desktop/user_folders/Xiaoze/FRET-FISH/iAM752_20220503_001/Cy5_004.tif,616,738,22,621,737,20,2,5.47722557505166
20,005.NM,1,2,/home/xiaoze/Desktop/user_folders/Xiaoze/FRET-FISH/iAM752_20220503_001/tmr_005.tif,/home/xiaoze/Desktop/user_folders/Xiaoze/FRET-FISH/iAM752_20220503_001/Cy5_005.tif,183,244,19,185,242,17,1,3.46410161513775
20,005.NM,1,2,/home/xiaoze/Desktop/user_folders/Xiaoze/FRET-FISH/iAM752_20220503_001/tmr_005.tif,/home/xiaoze/Desktop/user_folders/Xiaoze/FRET-FISH/iAM752_20220503_001/Cy5_005.tif,163,233,32,158,237,33,2,6.48074069840786
23,005.NM,4,2,/home/xiaoze/Desktop/user_folders/Xiaoze/FRET-FISH/iAM752_20220503_001/tmr_005.tif,/home/xiaoze/Desktop/user_folders/Xiaoze/FRET-FISH/iAM752_20220503_001/Cy5_005.tif,138,569,24,142,566,22,1,5.3851648071345
23,005.NM,4,2,/home/xiaoze/Desktop/user_folders/Xiaoze/FRET-FISH/iAM752_20220503_001/tmr_005.tif,/home/xiaoze/Desktop/user_folders/Xiaoze/FRET-FISH/iAM752_20220503_001/Cy5_005.tif,156,553,25,161,557,26,2,6.48074069840786
24,005.NM,5,2,/home/xiaoze/Desktop/user_folders/Xiaoze/FRET-FISH/iAM752_20220503_001/tmr_005.tif,/home/xiaoze/Desktop/user_folders/Xiaoze/FRET-FISH/iAM752_20220503_001/Cy5_005.tif,778,750,15,778,750,13,1,2
24,005.NM,5,2,/home/xiaoze/Desktop/user_folders/Xiaoze/FRET-FISH/iAM752_20220503_001/tmr_005.tif,/home/xiaoze/Desktop/user_folders/Xiaoze/FRET-FISH/iAM752_20220503_001/Cy5_005.tif,758,707,25,758,706,22,2,3.16227766016838
25,005.NM,6,2,/home/xiaoze/Desktop/user_folders/Xiaoze/FRET-FISH/iAM752_20220503_001/tmr_005.tif,/home/xiaoze/Desktop/user_folders/Xiaoze/FRET-FISH/iAM752_20220503_001/Cy5_005.tif,339,721,18,344,721,17,1,5.09901951359278
25,005.NM,6,2,/home/xiaoze/Desktop/user_folders/Xiaoze/FRET-FISH/iAM752_20220503_001/tmr_005.tif,/home/xiaoze/Desktop/user_folders/Xiaoze/FRET-FISH/iAM752_20220503_001/Cy5_005.tif,315,806,28,319,804,26,2,4.89897948556636
26,006.NM,1,2,/home/xiaoze/Desktop/user_folders/Xiaoze/FRET-FISH/iAM752_20220503_001/tmr_006.tif,/home/xiaoze/Desktop/user_folders/Xiaoze/FRET-FISH/iAM752_20220503_001/Cy5_006.tif,345,125,22,344,128,24,1,3.74165738677394
26,006.NM,1,2,/home/xiaoze/Desktop/user_folders/Xiaoze/FRET-FISH/iAM752_20220503_001/tmr_006.tif,/home/xiaoze/Desktop/user_folders/Xiaoze/FRET-FISH/iAM752_20220503_001/Cy5_006.tif,364,83,17,364,79,19,2,4.47213595499958
27,006.NM,2,2,/home/xiaoze/Desktop/user_folders/Xiaoze/FRET-FISH/iAM752_20220503_001/tmr_006.tif,/home/xiaoze/Desktop/user_folders/Xiaoze/FRET-FISH/iAM752_20220503_001/Cy5_006.tif,466,342,20,466,341,18,1,2.23606797749979
27,006.NM,2,2,/home/xiaoze/Desktop/user_folders/Xiaoze/FRET-FISH/iAM752_20220503_001/tmr_006.tif,/home/xiaoze/Desktop/user_folders/Xiaoze/FRET-FISH/iAM752_20220503_001/Cy5_006.tif,413,394,14,415,399,15,2,5.47722557505166
28,006.NM,3,2,/home/xiaoze/Desktop/user_folders/Xiaoze/FRET-FISH/iAM752_20220503_001/tmr_006.tif,/home/xiaoze/Desktop/user_folders/Xiaoze/FRET-FISH/iAM752_20220503_001/Cy5_006.tif,123,345,18,121,343,20,1,3.46410161513775
28,006.NM,3,2,/home/xiaoze/Desktop/user_folders/Xiaoze/FRET-FISH/iAM752_20220503_001/tmr_006.tif,/home/xiaoze/Desktop/user_folders/Xiaoze/FRET-FISH/iAM752_20220503_001/Cy5_006.tif,82,376,26,84,370,25,2,6.40312423743285
29,006.NM,4,2,/home/xiaoze/Desktop/user_folders/Xiaoze/FRET-FISH/iAM752_20220503_001/tmr_006.tif,/home/xiaoze/Desktop/user_folders/Xiaoze/FRET-FISH/iAM752_20220503_001/Cy5_006.tif,134,716,20,137,720,21,1,5.09901951359278
29,006.NM,4,2,/home/xiaoze/Desktop/user_folders/Xiaoze/FRET-FISH/iAM752_20220503_001/tmr_006.tif,/home/xiaoze/Desktop/user_folders/Xiaoze/FRET-FISH/iAM752_20220503_001/Cy5_006.tif,154,683,15,151,687,17,2,5.3851648071345
30,006.NM,5,2,/home/xiaoze/Desktop/user_folders/Xiaoze/FRET-FISH/iAM752_20220503_001/tmr_006.tif,/home/xiaoze/Desktop/user_folders/Xiaoze/FRET-FISH/iAM752_20220503_001/Cy5_006.tif,743,814,14,746,813,12,1,3.74165738677394
30,006.NM,5,2,/home/xiaoze/Desktop/user_folders/Xiaoze/FRET-FISH/iAM752_20220503_001/tmr_006.tif,/home/xiaoze/Desktop/user_folders/Xiaoze/FRET-FISH/iAM752_20220503_001/Cy5_006.tif,705,764,12,703,769,13,2,5.47722557505166
33,007.NM,3,2,/home/xiaoze/Desktop/user_folders/Xiaoze/FRET-FISH/iAM752_20220503_001/tmr_007.tif,/home/xiaoze/Desktop/user_folders/Xiaoze/FRET-FISH/iAM752_20220503_001/Cy5_007.tif,494,595,22,494,601,21,1,6.08276253029822
33,007.NM,3,2,/home/xiaoze/Desktop/user_folders/Xiaoze/FRET-FISH/iAM752_20220503_001/tmr_007.tif,/home/xiaoze/Desktop/user_folders/Xiaoze/FRET-FISH/iAM752_20220503_001/Cy5_007.tif,498,559,22,492,557,23,2,6.40312423743285
34,007.NM,4,2,/home/xiaoze/Desktop/user_folders/Xiaoze/FRET-FISH/iAM752_20220503_001/tmr_007.tif,/home/xiaoze/Desktop/user_folders/Xiaoze/FRET-FISH/iAM752_20220503_001/Cy5_007.tif,809,967,14,813,970,15,1,5.09901951359278
34,007.NM,4,2,/home/xiaoze/Desktop/user_folders/Xiaoze/FRET-FISH/iAM752_20220503_001/tmr_007.tif,/home/xiaoze/Desktop/user_folders/Xiaoze/FRET-FISH/iAM752_20220503_001/Cy5_007.tif,782,896,17,784,899,15,2,4.12310562561766
35,008.NM,1,2,/home/xiaoze/Desktop/user_folders/Xiaoze/FRET-FISH/iAM752_20220503_001/tmr_008.tif,/home/xiaoze/Desktop/user_folders/Xiaoze/FRET-FISH/iAM752_20220503_001/Cy5_008.tif,506,72,18,502,75,17,1,5.09901951359278
35,008.NM,1,2,/home/xiaoze/Desktop/user_folders/Xiaoze/FRET-FISH/iAM752_20220503_001/tmr_008.tif,/home/xiaoze/Desktop/user_folders/Xiaoze/FRET-FISH/iAM752_20220503_001/Cy5_008.tif,447,113,14,442,113,16,2,5.3851648071345
37,008.NM,3,2,/home/xiaoze/Desktop/user_folders/Xiaoze/FRET-FISH/iAM752_20220503_001/tmr_008.tif,/home/xiaoze/Desktop/user_folders/Xiaoze/FRET-FISH/iAM752_20220503_001/Cy5_008.tif,188,540,13,191,542,15,1,4.12310562561766
37,008.NM,3,2,/home/xiaoze/Desktop/user_folders/Xiaoze/FRET-FISH/iAM752_20220503_001/tmr_008.tif,/home/xiaoze/Desktop/user_folders/Xiaoze/FRET-FISH/iAM752_20220503_001/Cy5_008.tif,151,607,18,148,611,16,2,5.3851648071345
38,008.NM,4,2,/home/xiaoze/Desktop/user_folders/Xiaoze/FRET-FISH/iAM752_20220503_001/tmr_008.tif,/home/xiaoze/Desktop/user_folders/Xiaoze/FRET-FISH/iAM752_20220503_001/Cy5_008.tif,606,718,16,606,713,14,1,5.3851648071345
38,008.NM,4,2,/home/xiaoze/Desktop/user_folders/Xiaoze/FRET-FISH/iAM752_20220503_001/tmr_008.tif,/home/xiaoze/Desktop/user_folders/Xiaoze/FRET-FISH/iAM752_20220503_001/Cy5_008.tif,673,770,15,673,771,18,2,3.16227766016838
40,009.NM,1,2,/home/xiaoze/Desktop/user_folders/Xiaoze/FRET-FISH/iAM752_20220503_001/tmr_009.tif,/home/xiaoze/Desktop/user_folders/Xiaoze/FRET-FISH/iAM752_20220503_001/Cy5_009.tif,63,131,18,63,130,17,1,1.4142135623731
40,009.NM,1,2,/home/xiaoze/Desktop/user_folders/Xiaoze/FRET-FISH/iAM752_20220503_001/tmr_009.tif,/home/xiaoze/Desktop/user_folders/Xiaoze/FRET-FISH/iAM752_20220503_001/Cy5_009.tif,107,75,21,109,77,23,2,3.46410161513775
41,009.NM,2,2,/home/xiaoze/Desktop/user_folders/Xiaoze/FRET-FISH/iAM752_20220503_001/tmr_009.tif,/home/xiaoze/Desktop/user_folders/Xiaoze/FRET-FISH/iAM752_20220503_001/Cy5_009.tif,832,263,19,829,262,21,1,3.74165738677394
41,009.NM,2,2,/home/xiaoze/Desktop/user_folders/Xiaoze/FRET-FISH/iAM752_20220503_001/tmr_009.tif,/home/xiaoze/Desktop/user_folders/Xiaoze/FRET-FISH/iAM752_20220503_001/Cy5_009.tif,898,277,18,904,274,18,2,6.70820393249937
44,009.NM,5,2,/home/xiaoze/Desktop/user_folders/Xiaoze/FRET-FISH/iAM752_20220503_001/tmr_009.tif,/home/xiaoze/Desktop/user_folders/Xiaoze/FRET-FISH/iAM752_20220503_001/Cy5_009.tif,460,911,16,465,909,15,1,5.47722557505166
44,009.NM,5,2,/home/xiaoze/Desktop/user_folders/Xiaoze/FRET-FISH/iAM752_20220503_001/tmr_009.tif,/home/xiaoze/Desktop/user_folders/Xiaoze/FRET-FISH/iAM752_20220503_001/Cy5_009.tif,551,882,18,547,881,16,2,4.58257569495584
45,010.NM,1,2,/home/xiaoze/Desktop/user_folders/Xiaoze/FRET-FISH/iAM752_20220503_001/tmr_010.tif,/home/xiaoze/Desktop/user_folders/Xiaoze/FRET-FISH/iAM752_20220503_001/Cy5_010.tif,928,633,14,924,632,13,1,4.24264068711929
45,010.NM,1,2,/home/xiaoze/Desktop/user_folders/Xiaoze/FRET-FISH/iAM752_20220503_001/tmr_010.tif,/home/xiaoze/Desktop/user_folders/Xiaoze/FRET-FISH/iAM752_20220503_001/Cy5_010.tif,825,630,12,825,625,12,2,5
46,010.NM,2,2,/home/xiaoze/Desktop/user_folders/Xiaoze/FRET-FISH/iAM752_20220503_001/tmr_010.tif,/home/xiaoze/Desktop/user_folders/Xiaoze/FRET-FISH/iAM752_20220503_001/Cy5_010.tif,105,656,18,101,659,18,1,5
46,010.NM,2,2,/home/xiaoze/Desktop/user_folders/Xiaoze/FRET-FISH/iAM752_20220503_001/tmr_010.tif,/home/xiaoze/Desktop/user_folders/Xiaoze/FRET-FISH/iAM752_20220503_001/Cy5_010.tif,75,686,17,79,684,18,2,4.58257569495584
52,014.NM,1,2,/home/xiaoze/Desktop/user_folders/Xiaoze/FRET-FISH/iAM752_20220503_001/tmr_014.tif,/home/xiaoze/Desktop/user_folders/Xiaoze/FRET-FISH/iAM752_20220503_001/Cy5_014.tif,661,470,19,657,467,17,1,5.3851648071345
52,014.NM,1,2,/home/xiaoze/Desktop/user_folders/Xiaoze/FRET-FISH/iAM752_20220503_001/tmr_014.tif,/home/xiaoze/Desktop/user_folders/Xiaoze/FRET-FISH/iAM752_20220503_001/Cy5_014.tif,684,421,12,689,425,13,2,6.48074069840786
53,014.NM,2,2,/home/xiaoze/Desktop/user_folders/Xiaoze/FRET-FISH/iAM752_20220503_001/tmr_014.tif,/home/xiaoze/Desktop/user_folders/Xiaoze/FRET-FISH/iAM752_20220503_001/Cy5_014.tif,169,707,13,165,706,14,1,4.24264068711929
53,014.NM,2,2,/home/xiaoze/Desktop/user_folders/Xiaoze/FRET-FISH/iAM752_20220503_001/tmr_014.tif,/home/xiaoze/Desktop/user_folders/Xiaoze/FRET-FISH/iAM752_20220503_001/Cy5_014.tif,256,612,10,256,612,13,2,3
58,016.NM,2,2,/home/xiaoze/Desktop/user_folders/Xiaoze/FRET-FISH/iAM752_20220503_001/tmr_016.tif,/home/xiaoze/Desktop/user_folders/Xiaoze/FRET-FISH/iAM752_20220503_001/Cy5_016.tif,797,698,15,796,701,13,1,3.74165738677394
58,016.NM,2,2,/home/xiaoze/Desktop/user_folders/Xiaoze/FRET-FISH/iAM752_20220503_001/tmr_016.tif,/home/xiaoze/Desktop/user_folders/Xiaoze/FRET-FISH/iAM752_20220503_001/Cy5_016.tif,832,597,10,834,602,11,2,5.47722557505166
59,016.NM,3,2,/home/xiaoze/Desktop/user_folders/Xiaoze/FRET-FISH/iAM752_20220503_001/tmr_016.tif,/home/xiaoze/Desktop/user_folders/Xiaoze/FRET-FISH/iAM752_20220503_001/Cy5_016.tif,519,705,13,516,706,14,1,3.3166247903554
59,016.NM,3,2,/home/xiaoze/Desktop/user_folders/Xiaoze/FRET-FISH/iAM752_20220503_001/tmr_016.tif,/home/xiaoze/Desktop/user_folders/Xiaoze/FRET-FISH/iAM752_20220503_001/Cy5_016.tif,515,776,15,520,776,16,2,5.09901951359278
63,017.NM,3,2,/home/xiaoze/Desktop/user_folders/Xiaoze/FRET-FISH/iAM752_20220503_001/tmr_017.tif,/home/xiaoze/Desktop/user_folders/Xiaoze/FRET-FISH/iAM752_20220503_001/Cy5_017.tif,123,739,14,122,744,15,1,5.19615242270663
63,017.NM,3,2,/home/xiaoze/Desktop/user_folders/Xiaoze/FRET-FISH/iAM752_20220503_001/tmr_017.tif,/home/xiaoze/Desktop/user_folders/Xiaoze/FRET-FISH/iAM752_20220503_001/Cy5_017.tif,64,804,9,60,804,11,2,4.47213595499958
66,018.NM,2,2,/home/xiaoze/Desktop/user_folders/Xiaoze/FRET-FISH/iAM752_20220503_001/tmr_018.tif,/home/xiaoze/Desktop/user_folders/Xiaoze/FRET-FISH/iAM752_20220503_001/Cy5_018.tif,791,460,15,794,462,14,1,3.74165738677394
66,018.NM,2,2,/home/xiaoze/Desktop/user_folders/Xiaoze/FRET-FISH/iAM752_20220503_001/tmr_018.tif,/home/xiaoze/Desktop/user_folders/Xiaoze/FRET-FISH/iAM752_20220503_001/Cy5_018.tif,778,417,10,776,418,12,2,3
67,018.NM,3,2,/home/xiaoze/Desktop/user_folders/Xiaoze/FRET-FISH/iAM752_20220503_001/tmr_018.tif,/home/xiaoze/Desktop/user_folders/Xiaoze/FRET-FISH/iAM752_20220503_001/Cy5_018.tif,926,496,13,920,494,12,1,6.40312423743285
67,018.NM,3,2,/home/xiaoze/Desktop/user_folders/Xiaoze/FRET-FISH/iAM752_20220503_001/tmr_018.tif,/home/xiaoze/Desktop/user_folders/Xiaoze/FRET-FISH/iAM752_20220503_001/Cy5_018.tif,947,477,10,952,477,8,2,5.3851648071345
68,018.NM,4,2,/home/xiaoze/Desktop/user_folders/Xiaoze/FRET-FISH/iAM752_20220503_001/tmr_018.tif,/home/xiaoze/Desktop/user_folders/Xiaoze/FRET-FISH/iAM752_20220503_001/Cy5_018.tif,172,816,12,168,819,14,1,5.3851648071345
68,018.NM,4,2,/home/xiaoze/Desktop/user_folders/Xiaoze/FRET-FISH/iAM752_20220503_001/tmr_018.tif,/home/xiaoze/Desktop/user_folders/Xiaoze/FRET-FISH/iAM752_20220503_001/Cy5_018.tif,194,872,19,198,867,20,2,6.48074069840786
73,021.NM,2,2,/home/xiaoze/Desktop/user_folders/Xiaoze/FRET-FISH/iAM752_20220503_001/tmr_021.tif,/home/xiaoze/Desktop/user_folders/Xiaoze/FRET-FISH/iAM752_20220503_001/Cy5_021.tif,814,702,14,810,703,16,1,4.58257569495584
73,021.NM,2,2,/home/xiaoze/Desktop/user_folders/Xiaoze/FRET-FISH/iAM752_20220503_001/tmr_021.tif,/home/xiaoze/Desktop/user_folders/Xiaoze/FRET-FISH/iAM752_20220503_001/Cy5_021.tif,868,751,17,864,746,16,2,6.48074069840786
74,022.NM,1,2,/home/xiaoze/Desktop/user_folders/Xiaoze/FRET-FISH/iAM752_20220503_001/tmr_022.tif,/home/xiaoze/Desktop/user_folders/Xiaoze/FRET-FISH/iAM752_20220503_001/Cy5_022.tif,773,501,13,768,502,15,1,5.47722557505166
74,022.NM,1,2,/home/xiaoze/Desktop/user_folders/Xiaoze/FRET-FISH/iAM752_20220503_001/tmr_022.tif,/home/xiaoze/Desktop/user_folders/Xiaoze/FRET-FISH/iAM752_20220503_001/Cy5_022.tif,890,514,14,895,513,16,2,5.47722557505166
75,022.NM,2,2,/home/xiaoze/Desktop/user_folders/Xiaoze/FRET-FISH/iAM752_20220503_001/tmr_022.tif,/home/xiaoze/Desktop/user_folders/Xiaoze/FRET-FISH/iAM752_20220503_001/Cy5_022.tif,231,635,12,231,629,11,1,6.08276253029822
75,022.NM,2,2,/home/xiaoze/Desktop/user_folders/Xiaoze/FRET-FISH/iAM752_20220503_001/tmr_022.tif,/home/xiaoze/Desktop/user_folders/Xiaoze/FRET-FISH/iAM752_20220503_001/Cy5_022.tif,254,566,16,250,569,18,2,5.3851648071345
76,022.NM,3,2,/home/xiaoze/Desktop/user_folders/Xiaoze/FRET-FISH/iAM752_20220503_001/tmr_022.tif,/home/xiaoze/Desktop/user_folders/Xiaoze/FRET-FISH/iAM752_20220503_001/Cy5_022.tif,512,907,16,509,908,16,1,3.16227766016838
76,022.NM,3,2,/home/xiaoze/Desktop/user_folders/Xiaoze/FRET-FISH/iAM752_20220503_001/tmr_022.tif,/home/xiaoze/Desktop/user_folders/Xiaoze/FRET-FISH/iAM752_20220503_001/Cy5_022.tif,478,841,14,477,845,12,2,4.58257569495584
81,024.NM,1,2,/home/xiaoze/Desktop/user_folders/Xiaoze/FRET-FISH/iAM752_20220503_001/tmr_024.tif,/home/xiaoze/Desktop/user_folders/Xiaoze/FRET-FISH/iAM752_20220503_001/Cy5_024.tif,960,202,15,964,203,13,1,4.58257569495584
81,024.NM,1,2,/home/xiaoze/Desktop/user_folders/Xiaoze/FRET-FISH/iAM752_20220503_001/tmr_024.tif,/home/xiaoze/Desktop/user_folders/Xiaoze/FRET-FISH/iAM752_20220503_001/Cy5_024.tif,933,281,14,933,288,14,2,7
82,024.NM,2,2,/home/xiaoze/Desktop/user_folders/Xiaoze/FRET-FISH/iAM752_20220503_001/tmr_024.tif,/home/xiaoze/Desktop/user_folders/Xiaoze/FRET-FISH/iAM752_20220503_001/Cy5_024.tif,492,364,20,491,367,22,1,3.74165738677394
82,024.NM,2,2,/home/xiaoze/Desktop/user_folders/Xiaoze/FRET-FISH/iAM752_20220503_001/tmr_024.tif,/home/xiaoze/Desktop/user_folders/Xiaoze/FRET-FISH/iAM752_20220503_001/Cy5_024.tif,488,384,21,488,390,22,2,6.08276253029822
83,024.NM,3,2,/home/xiaoze/Desktop/user_folders/Xiaoze/FRET-FISH/iAM752_20220503_001/tmr_024.tif,/home/xiaoze/Desktop/user_folders/Xiaoze/FRET-FISH/iAM752_20220503_001/Cy5_024.tif,772,451,9,772,446,11,1,5.3851648071345
83,024.NM,3,2,/home/xiaoze/Desktop/user_folders/Xiaoze/FRET-FISH/iAM752_20220503_001/tmr_024.tif,/home/xiaoze/Desktop/user_folders/Xiaoze/FRET-FISH/iAM752_20220503_001/Cy5_024.tif,773,427,18,768,428,20,2,5.47722557505166
85,024.NM,5,2,/home/xiaoze/Desktop/user_folders/Xiaoze/FRET-FISH/iAM752_20220503_001/tmr_024.tif,/home/xiaoze/Desktop/user_folders/Xiaoze/FRET-FISH/iAM752_20220503_001/Cy5_024.tif,709,701,12,703,702,12,1,6.08276253029822
85,024.NM,5,2,/home/xiaoze/Desktop/user_folders/Xiaoze/FRET-FISH/iAM752_20220503_001/tmr_024.tif,/home/xiaoze/Desktop/user_folders/Xiaoze/FRET-FISH/iAM752_20220503_001/Cy5_024.tif,743,665,14,748,665,12,2,5.3851648071345
86,024.NM,6,2,/home/xiaoze/Desktop/user_folders/Xiaoze/FRET-FISH/iAM752_20220503_001/tmr_024.tif,/home/xiaoze/Desktop/user_folders/Xiaoze/FRET-FISH/iAM752_20220503_001/Cy5_024.tif,319,848,11,318,851,11,1,3.16227766016838
86,024.NM,6,2,/home/xiaoze/Desktop/user_folders/Xiaoze/FRET-FISH/iAM752_20220503_001/tmr_024.tif,/home/xiaoze/Desktop/user_folders/Xiaoze/FRET-FISH/iAM752_20220503_001/Cy5_024.tif,278,759,11,279,756,11,2,3.16227766016838
87,024.NM,7,2,/home/xiaoze/Desktop/user_folders/Xiaoze/FRET-FISH/iAM752_20220503_001/tmr_024.tif,/home/xiaoze/Desktop/user_folders/Xiaoze/FRET-FISH/iAM752_20220503_001/Cy5_024.tif,664,869,19,663,864,17,1,5.47722557505166
87,024.NM,7,2,/home/xiaoze/Desktop/user_folders/Xiaoze/FRET-FISH/iAM752_20220503_001/tmr_024.tif,/home/xiaoze/Desktop/user_folders/Xiaoze/FRET-FISH/iAM752_20220503_001/Cy5_024.tif,674,828,14,673,828,17,2,3.16227766016838
88,024.NM,8,2,/home/xiaoze/Desktop/user_folders/Xiaoze/FRET-FISH/iAM752_20220503_001/tmr_024.tif,/home/xiaoze/Desktop/user_folders/Xiaoze/FRET-FISH/iAM752_20220503_001/Cy5_024.tif,85,865,12,83,863,14,1,3.46410161513775
88,024.NM,8,2,/home/xiaoze/Desktop/user_folders/Xiaoze/FRET-FISH/iAM752_20220503_001/tmr_024.tif,/home/xiaoze/Desktop/user_folders/Xiaoze/FRET-FISH/iAM752_20220503_001/Cy5_024.tif,169,870,17,164,870,19,2,5.3851648071345
91,026.NM,1,2,/home/xiaoze/Desktop/user_folders/Xiaoze/FRET-FISH/iAM752_20220503_001/tmr_026.tif,/home/xiaoze/Desktop/user_folders/Xiaoze/FRET-FISH/iAM752_20220503_001/Cy5_026.tif,743,578,10,739,580,8,1,4.89897948556636
91,026.NM,1,2,/home/xiaoze/Desktop/user_folders/Xiaoze/FRET-FISH/iAM752_20220503_001/tmr_026.tif,/home/xiaoze/Desktop/user_folders/Xiaoze/FRET-FISH/iAM752_20220503_001/Cy5_026.tif,761,660,7,757,665,8,2,6.48074069840786
93,027.NM,1,2,/home/xiaoze/Desktop/user_folders/Xiaoze/FRET-FISH/iAM752_20220503_001/tmr_027.tif,/home/xiaoze/Desktop/user_folders/Xiaoze/FRET-FISH/iAM752_20220503_001/Cy5_027.tif,410,190,14,406,185,15,1,6.48074069840786
93,027.NM,1,2,/home/xiaoze/Desktop/user_folders/Xiaoze/FRET-FISH/iAM752_20220503_001/tmr_027.tif,/home/xiaoze/Desktop/user_folders/Xiaoze/FRET-FISH/iAM752_20220503_001/Cy5_027.tif,411,166,15,410,166,12,2,3.16227766016838
95,027.NM,3,2,/home/xiaoze/Desktop/user_folders/Xiaoze/FRET-FISH/iAM752_20220503_001/tmr_027.tif,/home/xiaoze/Desktop/user_folders/Xiaoze/FRET-FISH/iAM752_20220503_001/Cy5_027.tif,187,222,14,182,226,14,1,6.40312423743285
95,027.NM,3,2,/home/xiaoze/Desktop/user_folders/Xiaoze/FRET-FISH/iAM752_20220503_001/tmr_027.tif,/home/xiaoze/Desktop/user_folders/Xiaoze/FRET-FISH/iAM752_20220503_001/Cy5_027.tif,133,214,15,131,218,17,2,4.89897948556636
97,027.NM,5,2,/home/xiaoze/Desktop/user_folders/Xiaoze/FRET-FISH/iAM752_20220503_001/tmr_027.tif,/home/xiaoze/Desktop/user_folders/Xiaoze/FRET-FISH/iAM752_20220503_001/Cy5_027.tif,801,777,9,800,779,11,1,3
97,027.NM,5,2,/home/xiaoze/Desktop/user_folders/Xiaoze/FRET-FISH/iAM752_20220503_001/tmr_027.tif,/home/xiaoze/Desktop/user_folders/Xiaoze/FRET-FISH/iAM752_20220503_001/Cy5_027.tif,767,774,14,762,773,12,2,5.47722557505166
104,029.NM,3,2,/home/xiaoze/Desktop/user_folders/Xiaoze/FRET-FISH/iAM752_20220503_001/tmr_029.tif,/home/xiaoze/Desktop/user_folders/Xiaoze/FRET-FISH/iAM752_20220503_001/Cy5_029.tif,158,857,9,152,857,10,1,6.08276253029822
104,029.NM,3,2,/home/xiaoze/Desktop/user_folders/Xiaoze/FRET-FISH/iAM752_20220503_001/tmr_029.tif,/home/xiaoze/Desktop/user_folders/Xiaoze/FRET-FISH/iAM752_20220503_001/Cy5_029.tif,199,867,18,199,867,15,2,3
105,029.NM,4,2,/home/xiaoze/Desktop/user_folders/Xiaoze/FRET-FISH/iAM752_20220503_001/tmr_029.tif,/home/xiaoze/Desktop/user_folders/Xiaoze/FRET-FISH/iAM752_20220503_001/Cy5_029.tif,772,923,13,766,921,13,1,6.32455532033676
105,029.NM,4,2,/home/xiaoze/Desktop/user_folders/Xiaoze/FRET-FISH/iAM752_20220503_001/tmr_029.tif,/home/xiaoze/Desktop/user_folders/Xiaoze/FRET-FISH/iAM752_20220503_001/Cy5_029.tif,716,908,14,711,909,16,2,5.47722557505166
108,030.NM,3,2,/home/xiaoze/Desktop/user_folders/Xiaoze/FRET-FISH/iAM752_20220503_001/tmr_030.tif,/home/xiaoze/Desktop/user_folders/Xiaoze/FRET-FISH/iAM752_20220503_001/Cy5_030.tif,237,794,11,234,790,13,1,5.3851648071345
108,030.NM,3,2,/home/xiaoze/Desktop/user_folders/Xiaoze/FRET-FISH/iAM752_20220503_001/tmr_030.tif,/home/xiaoze/Desktop/user_folders/Xiaoze/FRET-FISH/iAM752_20220503_001/Cy5_030.tif,281,699,14,281,700,11,2,3.16227766016838
110,031.NM,2,2,/home/xiaoze/Desktop/user_folders/Xiaoze/FRET-FISH/iAM752_20220503_001/tmr_031.tif,/home/xiaoze/Desktop/user_folders/Xiaoze/FRET-FISH/iAM752_20220503_001/Cy5_031.tif,774,76,7,770,81,7,1,6.40312423743285
110,031.NM,2,2,/home/xiaoze/Desktop/user_folders/Xiaoze/FRET-FISH/iAM752_20220503_001/tmr_031.tif,/home/xiaoze/Desktop/user_folders/Xiaoze/FRET-FISH/iAM752_20220503_001/Cy5_031.tif,744,131,11,740,134,9,2,5.3851648071345
113,031.NM,5,2,/home/xiaoze/Desktop/user_folders/Xiaoze/FRET-FISH/iAM752_20220503_001/tmr_031.tif,/home/xiaoze/Desktop/user_folders/Xiaoze/FRET-FISH/iAM752_20220503_001/Cy5_031.tif,104,610,13,107,614,15,1,5.3851648071345
113,031.NM,5,2,/home/xiaoze/Desktop/user_folders/Xiaoze/FRET-FISH/iAM752_20220503_001/tmr_031.tif,/home/xiaoze/Desktop/user_folders/Xiaoze/FRET-FISH/iAM752_20220503_001/Cy5_031.tif,87,634,14,91,629,15,2,6.48074069840786
115,031.NM,7,2,/home/xiaoze/Desktop/user_folders/Xiaoze/FRET-FISH/iAM752_20220503_001/tmr_031.tif,/home/xiaoze/Desktop/user_folders/Xiaoze/FRET-FISH/iAM752_20220503_001/Cy5_031.tif,291,935,13,290,930,14,1,5.19615242270663
115,031.NM,7,2,/home/xiaoze/Desktop/user_folders/Xiaoze/FRET-FISH/iAM752_20220503_001/tmr_031.tif,/home/xiaoze/Desktop/user_folders/Xiaoze/FRET-FISH/iAM752_20220503_001/Cy5_031.tif,296,909,11,292,904,10,2,6.48074069840786
116,032.NM,1,2,/home/xiaoze/Desktop/user_folders/Xiaoze/FRET-FISH/iAM752_20220503_001/tmr_032.tif,/home/xiaoze/Desktop/user_folders/Xiaoze/FRET-FISH/iAM752_20220503_001/Cy5_032.tif,600,418,13,605,420,14,1,5.47722557505166
116,032.NM,1,2,/home/xiaoze/Desktop/user_folders/Xiaoze/FRET-FISH/iAM752_20220503_001/tmr_032.tif,/home/xiaoze/Desktop/user_folders/Xiaoze/FRET-FISH/iAM752_20220503_001/Cy5_032.tif,590,445,13,590,446,16,2,3.16227766016838
117,032.NM,2,2,/home/xiaoze/Desktop/user_folders/Xiaoze/FRET-FISH/iAM752_20220503_001/tmr_032.tif,/home/xiaoze/Desktop/user_folders/Xiaoze/FRET-FISH/iAM752_20220503_001/Cy5_032.tif,840,566,13,839,560,12,1,6.16441400296898
117,032.NM,2,2,/home/xiaoze/Desktop/user_folders/Xiaoze/FRET-FISH/iAM752_20220503_001/tmr_032.tif,/home/xiaoze/Desktop/user_folders/Xiaoze/FRET-FISH/iAM752_20220503_001/Cy5_032.tif,796,631,17,800,634,19,2,5.3851648071345
118,032.NM,3,2,/home/xiaoze/Desktop/user_folders/Xiaoze/FRET-FISH/iAM752_20220503_001/tmr_032.tif,/home/xiaoze/Desktop/user_folders/Xiaoze/FRET-FISH/iAM752_20220503_001/Cy5_032.tif,477,765,12,483,763,13,1,6.40312423743285
118,032.NM,3,2,/home/xiaoze/Desktop/user_folders/Xiaoze/FRET-FISH/iAM752_20220503_001/tmr_032.tif,/home/xiaoze/Desktop/user_folders/Xiaoze/FRET-FISH/iAM752_20220503_001/Cy5_032.tif,479,663,14,479,662,17,2,3.16227766016838
119,033.NM,1,2,/home/xiaoze/Desktop/user_folders/Xiaoze/FRET-FISH/iAM752_20220503_001/tmr_033.tif,/home/xiaoze/Desktop/user_folders/Xiaoze/FRET-FISH/iAM752_20220503_001/Cy5_033.tif,820,306,9,815,306,11,1,5.3851648071345
119,033.NM,1,2,/home/xiaoze/Desktop/user_folders/Xiaoze/FRET-FISH/iAM752_20220503_001/tmr_033.tif,/home/xiaoze/Desktop/user_folders/Xiaoze/FRET-FISH/iAM752_20220503_001/Cy5_033.tif,860,291,11,863,295,9,2,5.3851648071345
121,033.NM,3,2,/home/xiaoze/Desktop/user_folders/Xiaoze/FRET-FISH/iAM752_20220503_001/tmr_033.tif,/home/xiaoze/Desktop/user_folders/Xiaoze/FRET-FISH/iAM752_20220503_001/Cy5_033.tif,654,648,11,658,650,13,1,4.89897948556636
121,033.NM,3,2,/home/xiaoze/Desktop/user_folders/Xiaoze/FRET-FISH/iAM752_20220503_001/tmr_033.tif,/home/xiaoze/Desktop/user_folders/Xiaoze/FRET-FISH/iAM752_20220503_001/Cy5_033.tif,619,685,12,625,686,13,2,6.16441400296898
122,033.NM,4,2,/home/xiaoze/Desktop/user_folders/Xiaoze/FRET-FISH/iAM752_20220503_001/tmr_033.tif,/home/xiaoze/Desktop/user_folders/Xiaoze/FRET-FISH/iAM752_20220503_001/Cy5_033.tif,122,693,14,128,694,14,1,6.08276253029822
122,033.NM,4,2,/home/xiaoze/Desktop/user_folders/Xiaoze/FRET-FISH/iAM752_20220503_001/tmr_033.tif,/home/xiaoze/Desktop/user_folders/Xiaoze/FRET-FISH/iAM752_20220503_001/Cy5_033.tif,87,698,8,89,694,6,2,4.89897948556636
126,034.NM,4,2,/home/xiaoze/Desktop/user_folders/Xiaoze/FRET-FISH/iAM752_20220503_001/tmr_034.tif,/home/xiaoze/Desktop/user_folders/Xiaoze/FRET-FISH/iAM752_20220503_001/Cy5_034.tif,364,910,14,360,911,12,1,4.58257569495584
126,034.NM,4,2,/home/xiaoze/Desktop/user_folders/Xiaoze/FRET-FISH/iAM752_20220503_001/tmr_034.tif,/home/xiaoze/Desktop/user_folders/Xiaoze/FRET-FISH/iAM752_20220503_001/Cy5_034.tif,328,880,8,324,877,6,2,5.3851648071345
129,036.NM,1,2,/home/xiaoze/Desktop/user_folders/Xiaoze/FRET-FISH/iAM752_20220503_001/tmr_036.tif,/home/xiaoze/Desktop/user_folders/Xiaoze/FRET-FISH/iAM752_20220503_001/Cy5_036.tif,87,136,7,83,132,7,1,5.65685424949238
129,036.NM,1,2,/home/xiaoze/Desktop/user_folders/Xiaoze/FRET-FISH/iAM752_20220503_001/tmr_036.tif,/home/xiaoze/Desktop/user_folders/Xiaoze/FRET-FISH/iAM752_20220503_001/Cy5_036.tif,107,212,16,110,208,14,2,5.3851648071345
130,036.NM,2,2,/home/xiaoze/Desktop/user_folders/Xiaoze/FRET-FISH/iAM752_20220503_001/tmr_036.tif,/home/xiaoze/Desktop/user_folders/Xiaoze/FRET-FISH/iAM752_20220503_001/Cy5_036.tif,851,312,7,850,312,8,1,1.4142135623731
130,036.NM,2,2,/home/xiaoze/Desktop/user_folders/Xiaoze/FRET-FISH/iAM752_20220503_001/tmr_036.tif,/home/xiaoze/Desktop/user_folders/Xiaoze/FRET-FISH/iAM752_20220503_001/Cy5_036.tif,857,241,12,860,245,14,2,5.3851648071345
145,039.NM,4,2,/home/xiaoze/Desktop/user_folders/Xiaoze/FRET-FISH/iAM752_20220503_001/tmr_039.tif,/home/xiaoze/Desktop/user_folders/Xiaoze/FRET-FISH/iAM752_20220503_001/Cy5_039.tif,768,478,14,763,475,13,1,5.91607978309962
145,039.NM,4,2,/home/xiaoze/Desktop/user_folders/Xiaoze/FRET-FISH/iAM752_20220503_001/tmr_039.tif,/home/xiaoze/Desktop/user_folders/Xiaoze/FRET-FISH/iAM752_20220503_001/Cy5_039.tif,723,554,11,719,559,12,2,6.48074069840786
146,039.NM,5,2,/home/xiaoze/Desktop/user_folders/Xiaoze/FRET-FISH/iAM752_20220503_001/tmr_039.tif,/home/xiaoze/Desktop/user_folders/Xiaoze/FRET-FISH/iAM752_20220503_001/Cy5_039.tif,173,672,13,173,671,13,1,1
146,039.NM,5,2,/home/xiaoze/Desktop/user_folders/Xiaoze/FRET-FISH/iAM752_20220503_001/tmr_039.tif,/home/xiaoze/Desktop/user_folders/Xiaoze/FRET-FISH/iAM752_20220503_001/Cy5_039.tif,151,674,14,152,670,12,2,4.58257569495584
147,039.NM,6,2,/home/xiaoze/Desktop/user_folders/Xiaoze/FRET-FISH/iAM752_20220503_001/tmr_039.tif,/home/xiaoze/Desktop/user_folders/Xiaoze/FRET-FISH/iAM752_20220503_001/Cy5_039.tif,538,701,12,535,699,10,1,4.12310562561766
147,039.NM,6,2,/home/xiaoze/Desktop/user_folders/Xiaoze/FRET-FISH/iAM752_20220503_001/tmr_039.tif,/home/xiaoze/Desktop/user_folders/Xiaoze/FRET-FISH/iAM752_20220503_001/Cy5_039.tif,602,685,15,598,688,17,2,5.3851648071345
148,039.NM,7,2,/home/xiaoze/Desktop/user_folders/Xiaoze/FRET-FISH/iAM752_20220503_001/tmr_039.tif,/home/xiaoze/Desktop/user_folders/Xiaoze/FRET-FISH/iAM752_20220503_001/Cy5_039.tif,549,928,10,554,930,9,1,5.47722557505166
148,039.NM,7,2,/home/xiaoze/Desktop/user_folders/Xiaoze/FRET-FISH/iAM752_20220503_001/tmr_039.tif,/home/xiaoze/Desktop/user_folders/Xiaoze/FRET-FISH/iAM752_20220503_001/Cy5_039.tif,530,873,14,530,868,12,2,5.3851648071345
150,040.NM,2,2,/home/xiaoze/Desktop/user_folders/Xiaoze/FRET-FISH/iAM752_20220503_001/tmr_040.tif,/home/xiaoze/Desktop/user_folders/Xiaoze/FRET-FISH/iAM752_20220503_001/Cy5_040.tif,102,305,12,106,305,10,1,4.47213595499958
150,040.NM,2,2,/home/xiaoze/Desktop/user_folders/Xiaoze/FRET-FISH/iAM752_20220503_001/tmr_040.tif,/home/xiaoze/Desktop/user_folders/Xiaoze/FRET-FISH/iAM752_20220503_001/Cy5_040.tif,143,284,12,139,286,14,2,4.89897948556636
151,040.NM,3,2,/home/xiaoze/Desktop/user_folders/Xiaoze/FRET-FISH/iAM752_20220503_001/tmr_040.tif,/home/xiaoze/Desktop/user_folders/Xiaoze/FRET-FISH/iAM752_20220503_001/Cy5_040.tif,747,618,11,752,618,9,1,5.3851648071345
151,040.NM,3,2,/home/xiaoze/Desktop/user_folders/Xiaoze/FRET-FISH/iAM752_20220503_001/tmr_040.tif,/home/xiaoze/Desktop/user_folders/Xiaoze/FRET-FISH/iAM752_20220503_001/Cy5_040.tif,671,582,11,676,583,13,2,5.47722557505166
152,040.NM,4,2,/home/xiaoze/Desktop/user_folders/Xiaoze/FRET-FISH/iAM752_20220503_001/tmr_040.tif,/home/xiaoze/Desktop/user_folders/Xiaoze/FRET-FISH/iAM752_20220503_001/Cy5_040.tif,310,710,14,311,706,14,1,4.12310562561766
152,040.NM,4,2,/home/xiaoze/Desktop/user_folders/Xiaoze/FRET-FISH/iAM752_20220503_001/tmr_040.tif,/home/xiaoze/Desktop/user_folders/Xiaoze/FRET-FISH/iAM752_20220503_001/Cy5_040.tif,253,766,13,257,768,15,2,4.89897948556636
154,041.NM,1,2,/home/xiaoze/Desktop/user_folders/Xiaoze/FRET-FISH/iAM752_20220503_001/tmr_041.tif,/home/xiaoze/Desktop/user_folders/Xiaoze/FRET-FISH/iAM752_20220503_001/Cy5_041.tif,115,266,10,119,264,8,1,4.89897948556636
154,041.NM,1,2,/home/xiaoze/Desktop/user_folders/Xiaoze/FRET-FISH/iAM752_20220503_001/tmr_041.tif,/home/xiaoze/Desktop/user_folders/Xiaoze/FRET-FISH/iAM752_20220503_001/Cy5_041.tif,211,220,9,217,220,8,2,6.08276253029822
155,041.NM,2,2,/home/xiaoze/Desktop/user_folders/Xiaoze/FRET-FISH/iAM752_20220503_001/tmr_041.tif,/home/xiaoze/Desktop/user_folders/Xiaoze/FRET-FISH/iAM752_20220503_001/Cy5_041.tif,737,251,14,742,251,13,1,5.09901951359278
155,041.NM,2,2,/home/xiaoze/Desktop/user_folders/Xiaoze/FRET-FISH/iAM752_20220503_001/tmr_041.tif,/home/xiaoze/Desktop/user_folders/Xiaoze/FRET-FISH/iAM752_20220503_001/Cy5_041.tif,814,211,10,810,210,12,2,4.58257569495584
156,041.NM,3,2,/home/xiaoze/Desktop/user_folders/Xiaoze/FRET-FISH/iAM752_20220503_001/tmr_041.tif,/home/xiaoze/Desktop/user_folders/Xiaoze/FRET-FISH/iAM752_20220503_001/Cy5_041.tif,323,373,17,327,378,16,1,6.48074069840786
156,041.NM,3,2,/home/xiaoze/Desktop/user_folders/Xiaoze/FRET-FISH/iAM752_20220503_001/tmr_041.tif,/home/xiaoze/Desktop/user_folders/Xiaoze/FRET-FISH/iAM752_20220503_001/Cy5_041.tif,320,353,22,320,352,19,2,3.16227766016838
157,041.NM,4,2,/home/xiaoze/Desktop/user_folders/Xiaoze/FRET-FISH/iAM752_20220503_001/tmr_041.tif,/home/xiaoze/Desktop/user_folders/Xiaoze/FRET-FISH/iAM752_20220503_001/Cy5_041.tif,538,449,5,541,447,6,1,3.74165738677394
157,041.NM,4,2,/home/xiaoze/Desktop/user_folders/Xiaoze/FRET-FISH/iAM752_20220503_001/tmr_041.tif,/home/xiaoze/Desktop/user_folders/Xiaoze/FRET-FISH/iAM752_20220503_001/Cy5_041.tif,551,382,12,553,386,14,2,4.89897948556636
159,041.NM,6,2,/home/xiaoze/Desktop/user_folders/Xiaoze/FRET-FISH/iAM752_20220503_001/tmr_041.tif,/home/xiaoze/Desktop/user_folders/Xiaoze/FRET-FISH/iAM752_20220503_001/Cy5_041.tif,457,527,21,460,523,19,1,5.3851648071345
159,041.NM,6,2,/home/xiaoze/Desktop/user_folders/Xiaoze/FRET-FISH/iAM752_20220503_001/tmr_041.tif,/home/xiaoze/Desktop/user_folders/Xiaoze/FRET-FISH/iAM752_20220503_001/Cy5_041.tif,432,528,18,431,528,21,2,3.16227766016838
161,041.NM,8,2,/home/xiaoze/Desktop/user_folders/Xiaoze/FRET-FISH/iAM752_20220503_001/tmr_041.tif,/home/xiaoze/Desktop/user_folders/Xiaoze/FRET-FISH/iAM752_20220503_001/Cy5_041.tif,318,737,17,322,736,17,1,4.12310562561766
161,041.NM,8,2,/home/xiaoze/Desktop/user_folders/Xiaoze/FRET-FISH/iAM752_20220503_001/tmr_041.tif,/home/xiaoze/Desktop/user_folders/Xiaoze/FRET-FISH/iAM752_20220503_001/Cy5_041.tif,334,676,11,340,677,12,2,6.16441400296898
162,041.NM,9,2,/home/xiaoze/Desktop/user_folders/Xiaoze/FRET-FISH/iAM752_20220503_001/tmr_041.tif,/home/xiaoze/Desktop/user_folders/Xiaoze/FRET-FISH/iAM752_20220503_001/Cy5_041.tif,417,839,15,412,837,14,1,5.47722557505166
162,041.NM,9,2,/home/xiaoze/Desktop/user_folders/Xiaoze/FRET-FISH/iAM752_20220503_001/tmr_041.tif,/home/xiaoze/Desktop/user_folders/Xiaoze/FRET-FISH/iAM752_20220503_001/Cy5_041.tif,390,875,15,390,875,12,2,3
169,043.NM,2,2,/home/xiaoze/Desktop/user_folders/Xiaoze/FRET-FISH/iAM752_20220503_001/tmr_043.tif,/home/xiaoze/Desktop/user_folders/Xiaoze/FRET-FISH/iAM752_20220503_001/Cy5_043.tif,894,188,12,896,185,12,1,3.60555127546399
169,043.NM,2,2,/home/xiaoze/Desktop/user_folders/Xiaoze/FRET-FISH/iAM752_20220503_001/tmr_043.tif,/home/xiaoze/Desktop/user_folders/Xiaoze/FRET-FISH/iAM752_20220503_001/Cy5_043.tif,827,225,14,828,220,13,2,5.19615242270663
171,044.NM,1,2,/home/xiaoze/Desktop/user_folders/Xiaoze/FRET-FISH/iAM752_20220503_001/tmr_044.tif,/home/xiaoze/Desktop/user_folders/Xiaoze/FRET-FISH/iAM752_20220503_001/Cy5_044.tif,298,153,8,297,157,10,1,4.58257569495584
171,044.NM,1,2,/home/xiaoze/Desktop/user_folders/Xiaoze/FRET-FISH/iAM752_20220503_001/tmr_044.tif,/home/xiaoze/Desktop/user_folders/Xiaoze/FRET-FISH/iAM752_20220503_001/Cy5_044.tif,307,152,16,309,146,17,2,6.40312423743285
176,044.NM,6,2,/home/xiaoze/Desktop/user_folders/Xiaoze/FRET-FISH/iAM752_20220503_001/tmr_044.tif,/home/xiaoze/Desktop/user_folders/Xiaoze/FRET-FISH/iAM752_20220503_001/Cy5_044.tif,395,797,13,398,797,15,1,3.60555127546399
176,044.NM,6,2,/home/xiaoze/Desktop/user_folders/Xiaoze/FRET-FISH/iAM752_20220503_001/tmr_044.tif,/home/xiaoze/Desktop/user_folders/Xiaoze/FRET-FISH/iAM752_20220503_001/Cy5_044.tif,393,849,11,392,846,13,2,3.74165738677394
178,045.NM,2,2,/home/xiaoze/Desktop/user_folders/Xiaoze/FRET-FISH/iAM752_20220503_001/tmr_046.tif,/home/xiaoze/Desktop/user_folders/Xiaoze/FRET-FISH/iAM752_20220503_001/Cy5_046.tif,599,538,15,597,535,15,1,3.60555127546399
178,045.NM,2,2,/home/xiaoze/Desktop/user_folders/Xiaoze/FRET-FISH/iAM752_20220503_001/tmr_046.tif,/home/xiaoze/Desktop/user_folders/Xiaoze/FRET-FISH/iAM752_20220503_001/Cy5_046.tif,652,511,15,654,507,13,2,4.89897948556636
179,045.NM,3,2,/home/xiaoze/Desktop/user_folders/Xiaoze/FRET-FISH/iAM752_20220503_001/tmr_046.tif,/home/xiaoze/Desktop/user_folders/Xiaoze/FRET-FISH/iAM752_20220503_001/Cy5_046.tif,71,526,8,69,522,9,1,4.58257569495584
179,045.NM,3,2,/home/xiaoze/Desktop/user_folders/Xiaoze/FRET-FISH/iAM752_20220503_001/tmr_046.tif,/home/xiaoze/Desktop/user_folders/Xiaoze/FRET-FISH/iAM752_20220503_001/Cy5_046.tif,105,562,11,104,556,12,2,6.16441400296898
180,045.NM,4,2,/home/xiaoze/Desktop/user_folders/Xiaoze/FRET-FISH/iAM752_20220503_001/tmr_046.tif,/home/xiaoze/Desktop/user_folders/Xiaoze/FRET-FISH/iAM752_20220503_001/Cy5_046.tif,748,822,8,754,823,9,1,6.16441400296898
180,045.NM,4,2,/home/xiaoze/Desktop/user_folders/Xiaoze/FRET-FISH/iAM752_20220503_001/tmr_046.tif,/home/xiaoze/Desktop/user_folders/Xiaoze/FRET-FISH/iAM752_20220503_001/Cy5_046.tif,707,795,13,702,795,15,2,5.3851648071345
183,046.NM,3,2,/home/xiaoze/Desktop/user_folders/Xiaoze/FRET-FISH/iAM752_20220503_001/tmr_047.tif,/home/xiaoze/Desktop/user_folders/Xiaoze/FRET-FISH/iAM752_20220503_001/Cy5_047.tif,158,893,12,155,894,13,1,3.3166247903554
183,046.NM,3,2,/home/xiaoze/Desktop/user_folders/Xiaoze/FRET-FISH/iAM752_20220503_001/tmr_047.tif,/home/xiaoze/Desktop/user_folders/Xiaoze/FRET-FISH/iAM752_20220503_001/Cy5_047.tif,197,841,16,193,842,14,2,4.58257569495584
184,047.NM,1,2,/home/xiaoze/Desktop/user_folders/Xiaoze/FRET-FISH/iAM752_20220503_001/tmr_048.tif,/home/xiaoze/Desktop/user_folders/Xiaoze/FRET-FISH/iAM752_20220503_001/Cy5_048.tif,769,120,12,769,125,13,1,5.09901951359278
184,047.NM,1,2,/home/xiaoze/Desktop/user_folders/Xiaoze/FRET-FISH/iAM752_20220503_001/tmr_048.tif,/home/xiaoze/Desktop/user_folders/Xiaoze/FRET-FISH/iAM752_20220503_001/Cy5_048.tif,786,137,12,782,142,12,2,6.40312423743285
186,047.NM,3,2,/home/xiaoze/Desktop/user_folders/Xiaoze/FRET-FISH/iAM752_20220503_001/tmr_048.tif,/home/xiaoze/Desktop/user_folders/Xiaoze/FRET-FISH/iAM752_20220503_001/Cy5_048.tif,709,499,8,709,503,8,1,4
186,047.NM,3,2,/home/xiaoze/Desktop/user_folders/Xiaoze/FRET-FISH/iAM752_20220503_001/tmr_048.tif,/home/xiaoze/Desktop/user_folders/Xiaoze/FRET-FISH/iAM752_20220503_001/Cy5_048.tif,792,521,9,790,518,7,2,4.12310562561766
