nuclei,File,Nuclei,n_pairs,DonorFile,AcceptorFile,FretFile,Cy5File,X_A,Y_A,Z_A,x,y,z,Channel,Fret,Acceptor,Donor,Cy5,Pair
10,004.NM,2,6,/home/xiaoze/Desktop/user_folders/Xiaoze/FRET-FISH/iAM788_20220623_001/a488_004.tif,/home/xiaoze/Desktop/user_folders/Xiaoze/FRET-FISH/iAM788_20220623_001/a594_004.tif,/home/xiaoze/Desktop/user_folders/Xiaoze/FRET-FISH/iAM788_20220623_001/a488fret_004.tif,/home/xiaoze/Desktop/user_folders/Xiaoze/FRET-FISH/iAM788_20220623_001/Cy5_004.tif,119,780,26,117,781,24,a488,3122,2059,8468,3009,1
10,004.NM,2,6,/home/xiaoze/Desktop/user_folders/Xiaoze/FRET-FISH/iAM788_20220623_001/a488_004.tif,/home/xiaoze/Desktop/user_folders/Xiaoze/FRET-FISH/iAM788_20220623_001/a594_004.tif,/home/xiaoze/Desktop/user_folders/Xiaoze/FRET-FISH/iAM788_20220623_001/a488fret_004.tif,/home/xiaoze/Desktop/user_folders/Xiaoze/FRET-FISH/iAM788_20220623_001/Cy5_004.tif,90,712,33,95,716,33,a488,3748,1984,5267,2907,2
10,004.NM,2,6,/home/xiaoze/Desktop/user_folders/Xiaoze/FRET-FISH/iAM788_20220623_001/a488_004.tif,/home/xiaoze/Desktop/user_folders/Xiaoze/FRET-FISH/iAM788_20220623_001/a594_004.tif,/home/xiaoze/Desktop/user_folders/Xiaoze/FRET-FISH/iAM788_20220623_001/a488fret_004.tif,/home/xiaoze/Desktop/user_folders/Xiaoze/FRET-FISH/iAM788_20220623_001/Cy5_004.tif,67,729,37,63,731,35,a488,4569,1889,5249,3377,3
10,004.NM,2,6,/home/xiaoze/Desktop/user_folders/Xiaoze/FRET-FISH/iAM788_20220623_001/a488_004.tif,/home/xiaoze/Desktop/user_folders/Xiaoze/FRET-FISH/iAM788_20220623_001/a594_004.tif,/home/xiaoze/Desktop/user_folders/Xiaoze/FRET-FISH/iAM788_20220623_001/a488fret_004.tif,/home/xiaoze/Desktop/user_folders/Xiaoze/FRET-FISH/iAM788_20220623_001/Cy5_004.tif,86,701,25,83,705,27,a488,3544,3547,9830,3059,4
10,004.NM,2,6,/home/xiaoze/Desktop/user_folders/Xiaoze/FRET-FISH/iAM788_20220623_001/a488_004.tif,/home/xiaoze/Desktop/user_folders/Xiaoze/FRET-FISH/iAM788_20220623_001/a594_004.tif,/home/xiaoze/Desktop/user_folders/Xiaoze/FRET-FISH/iAM788_20220623_001/a488fret_004.tif,/home/xiaoze/Desktop/user_folders/Xiaoze/FRET-FISH/iAM788_20220623_001/Cy5_004.tif,99,759,22,94,759,24,a488,3369,2273,6750,2743,5
10,004.NM,2,6,/home/xiaoze/Desktop/user_folders/Xiaoze/FRET-FISH/iAM788_20220623_001/a488_004.tif,/home/xiaoze/Desktop/user_folders/Xiaoze/FRET-FISH/iAM788_20220623_001/a594_004.tif,/home/xiaoze/Desktop/user_folders/Xiaoze/FRET-FISH/iAM788_20220623_001/a488fret_004.tif,/home/xiaoze/Desktop/user_folders/Xiaoze/FRET-FISH/iAM788_20220623_001/Cy5_004.tif,108,755,30,107,755,33,a488,3264,2366,5440,2635,6
15,006.NM,2,4,/home/xiaoze/Desktop/user_folders/Xiaoze/FRET-FISH/iAM788_20220623_001/a488_006.tif,/home/xiaoze/Desktop/user_folders/Xiaoze/FRET-FISH/iAM788_20220623_001/a594_006.tif,/home/xiaoze/Desktop/user_folders/Xiaoze/FRET-FISH/iAM788_20220623_001/a488fret_006.tif,/home/xiaoze/Desktop/user_folders/Xiaoze/FRET-FISH/iAM788_20220623_001/Cy5_006.tif,567,304,25,569,303,26,a488,3543,2639,4759,2677,1
15,006.NM,2,4,/home/xiaoze/Desktop/user_folders/Xiaoze/FRET-FISH/iAM788_20220623_001/a488_006.tif,/home/xiaoze/Desktop/user_folders/Xiaoze/FRET-FISH/iAM788_20220623_001/a594_006.tif,/home/xiaoze/Desktop/user_folders/Xiaoze/FRET-FISH/iAM788_20220623_001/a488fret_006.tif,/home/xiaoze/Desktop/user_folders/Xiaoze/FRET-FISH/iAM788_20220623_001/Cy5_006.tif,573,285,31,577,284,29,a488,3493,1946,6380,3021,2
15,006.NM,2,4,/home/xiaoze/Desktop/user_folders/Xiaoze/FRET-FISH/iAM788_20220623_001/a488_006.tif,/home/xiaoze/Desktop/user_folders/Xiaoze/FRET-FISH/iAM788_20220623_001/a594_006.tif,/home/xiaoze/Desktop/user_folders/Xiaoze/FRET-FISH/iAM788_20220623_001/a488fret_006.tif,/home/xiaoze/Desktop/user_folders/Xiaoze/FRET-FISH/iAM788_20220623_001/Cy5_006.tif,561,278,22,567,280,21,a488,3714,3554,6183,2847,3
15,006.NM,2,4,/home/xiaoze/Desktop/user_folders/Xiaoze/FRET-FISH/iAM788_20220623_001/a488_006.tif,/home/xiaoze/Desktop/user_folders/Xiaoze/FRET-FISH/iAM788_20220623_001/a594_006.tif,/home/xiaoze/Desktop/user_folders/Xiaoze/FRET-FISH/iAM788_20220623_001/a488fret_006.tif,/home/xiaoze/Desktop/user_folders/Xiaoze/FRET-FISH/iAM788_20220623_001/Cy5_006.tif,543,269,26,544,264,24,a488,3608,2264,12644,3756,4
16,006.NM,3,4,/home/xiaoze/Desktop/user_folders/Xiaoze/FRET-FISH/iAM788_20220623_001/a488_006.tif,/home/xiaoze/Desktop/user_folders/Xiaoze/FRET-FISH/iAM788_20220623_001/a594_006.tif,/home/xiaoze/Desktop/user_folders/Xiaoze/FRET-FISH/iAM788_20220623_001/a488fret_006.tif,/home/xiaoze/Desktop/user_folders/Xiaoze/FRET-FISH/iAM788_20220623_001/Cy5_006.tif,845,510,25,848,509,27,a488,3109,2163,4663,2670,1
16,006.NM,3,4,/home/xiaoze/Desktop/user_folders/Xiaoze/FRET-FISH/iAM788_20220623_001/a488_006.tif,/home/xiaoze/Desktop/user_folders/Xiaoze/FRET-FISH/iAM788_20220623_001/a594_006.tif,/home/xiaoze/Desktop/user_folders/Xiaoze/FRET-FISH/iAM788_20220623_001/a488fret_006.tif,/home/xiaoze/Desktop/user_folders/Xiaoze/FRET-FISH/iAM788_20220623_001/Cy5_006.tif,830,493,25,836,494,24,a488,3499,3694,7414,4638,2
16,006.NM,3,4,/home/xiaoze/Desktop/user_folders/Xiaoze/FRET-FISH/iAM788_20220623_001/a488_006.tif,/home/xiaoze/Desktop/user_folders/Xiaoze/FRET-FISH/iAM788_20220623_001/a594_006.tif,/home/xiaoze/Desktop/user_folders/Xiaoze/FRET-FISH/iAM788_20220623_001/a488fret_006.tif,/home/xiaoze/Desktop/user_folders/Xiaoze/FRET-FISH/iAM788_20220623_001/Cy5_006.tif,861,488,30,855,485,30,a488,3649,2238,5334,2982,3
16,006.NM,3,4,/home/xiaoze/Desktop/user_folders/Xiaoze/FRET-FISH/iAM788_20220623_001/a488_006.tif,/home/xiaoze/Desktop/user_folders/Xiaoze/FRET-FISH/iAM788_20220623_001/a594_006.tif,/home/xiaoze/Desktop/user_folders/Xiaoze/FRET-FISH/iAM788_20220623_001/a488fret_006.tif,/home/xiaoze/Desktop/user_folders/Xiaoze/FRET-FISH/iAM788_20220623_001/Cy5_006.tif,868,490,20,863,489,22,a488,3772,1996,10733,2824,4
25,009.NM,1,4,/home/xiaoze/Desktop/user_folders/Xiaoze/FRET-FISH/iAM788_20220623_001/a488_009.tif,/home/xiaoze/Desktop/user_folders/Xiaoze/FRET-FISH/iAM788_20220623_001/a594_009.tif,/home/xiaoze/Desktop/user_folders/Xiaoze/FRET-FISH/iAM788_20220623_001/a488fret_009.tif,/home/xiaoze/Desktop/user_folders/Xiaoze/FRET-FISH/iAM788_20220623_001/Cy5_009.tif,849,563,21,849,562,20,a488,7805,2491,4919,4138,1
25,009.NM,1,4,/home/xiaoze/Desktop/user_folders/Xiaoze/FRET-FISH/iAM788_20220623_001/a488_009.tif,/home/xiaoze/Desktop/user_folders/Xiaoze/FRET-FISH/iAM788_20220623_001/a594_009.tif,/home/xiaoze/Desktop/user_folders/Xiaoze/FRET-FISH/iAM788_20220623_001/a488fret_009.tif,/home/xiaoze/Desktop/user_folders/Xiaoze/FRET-FISH/iAM788_20220623_001/Cy5_009.tif,797,569,29,799,568,30,a488,3452,2607,4843,3033,2
25,009.NM,1,4,/home/xiaoze/Desktop/user_folders/Xiaoze/FRET-FISH/iAM788_20220623_001/a488_009.tif,/home/xiaoze/Desktop/user_folders/Xiaoze/FRET-FISH/iAM788_20220623_001/a594_009.tif,/home/xiaoze/Desktop/user_folders/Xiaoze/FRET-FISH/iAM788_20220623_001/a488fret_009.tif,/home/xiaoze/Desktop/user_folders/Xiaoze/FRET-FISH/iAM788_20220623_001/Cy5_009.tif,814,553,26,818,557,25,a488,4144,7385,7934,15736,3
25,009.NM,1,4,/home/xiaoze/Desktop/user_folders/Xiaoze/FRET-FISH/iAM788_20220623_001/a488_009.tif,/home/xiaoze/Desktop/user_folders/Xiaoze/FRET-FISH/iAM788_20220623_001/a594_009.tif,/home/xiaoze/Desktop/user_folders/Xiaoze/FRET-FISH/iAM788_20220623_001/a488fret_009.tif,/home/xiaoze/Desktop/user_folders/Xiaoze/FRET-FISH/iAM788_20220623_001/Cy5_009.tif,796,534,26,793,538,24,a488,3398,2632,8676,6836,4
26,009.NM,2,6,/home/xiaoze/Desktop/user_folders/Xiaoze/FRET-FISH/iAM788_20220623_001/a488_009.tif,/home/xiaoze/Desktop/user_folders/Xiaoze/FRET-FISH/iAM788_20220623_001/a594_009.tif,/home/xiaoze/Desktop/user_folders/Xiaoze/FRET-FISH/iAM788_20220623_001/a488fret_009.tif,/home/xiaoze/Desktop/user_folders/Xiaoze/FRET-FISH/iAM788_20220623_001/Cy5_009.tif,82,588,23,79,589,21,a488,2926,1929,6075,2770,1
26,009.NM,2,6,/home/xiaoze/Desktop/user_folders/Xiaoze/FRET-FISH/iAM788_20220623_001/a488_009.tif,/home/xiaoze/Desktop/user_folders/Xiaoze/FRET-FISH/iAM788_20220623_001/a594_009.tif,/home/xiaoze/Desktop/user_folders/Xiaoze/FRET-FISH/iAM788_20220623_001/a488fret_009.tif,/home/xiaoze/Desktop/user_folders/Xiaoze/FRET-FISH/iAM788_20220623_001/Cy5_009.tif,122,679,23,124,675,21,a488,2960,1618,5826,2734,2
26,009.NM,2,6,/home/xiaoze/Desktop/user_folders/Xiaoze/FRET-FISH/iAM788_20220623_001/a488_009.tif,/home/xiaoze/Desktop/user_folders/Xiaoze/FRET-FISH/iAM788_20220623_001/a594_009.tif,/home/xiaoze/Desktop/user_folders/Xiaoze/FRET-FISH/iAM788_20220623_001/a488fret_009.tif,/home/xiaoze/Desktop/user_folders/Xiaoze/FRET-FISH/iAM788_20220623_001/Cy5_009.tif,136,662,25,137,656,24,a488,2879,1736,6513,3238,3
26,009.NM,2,6,/home/xiaoze/Desktop/user_folders/Xiaoze/FRET-FISH/iAM788_20220623_001/a488_009.tif,/home/xiaoze/Desktop/user_folders/Xiaoze/FRET-FISH/iAM788_20220623_001/a594_009.tif,/home/xiaoze/Desktop/user_folders/Xiaoze/FRET-FISH/iAM788_20220623_001/a488fret_009.tif,/home/xiaoze/Desktop/user_folders/Xiaoze/FRET-FISH/iAM788_20220623_001/Cy5_009.tif,110,652,25,110,657,27,a488,3258,1632,4382,2712,4
26,009.NM,2,6,/home/xiaoze/Desktop/user_folders/Xiaoze/FRET-FISH/iAM788_20220623_001/a488_009.tif,/home/xiaoze/Desktop/user_folders/Xiaoze/FRET-FISH/iAM788_20220623_001/a594_009.tif,/home/xiaoze/Desktop/user_folders/Xiaoze/FRET-FISH/iAM788_20220623_001/a488fret_009.tif,/home/xiaoze/Desktop/user_folders/Xiaoze/FRET-FISH/iAM788_20220623_001/Cy5_009.tif,146,685,22,151,681,21,a488,2703,1674,8781,3116,5
26,009.NM,2,6,/home/xiaoze/Desktop/user_folders/Xiaoze/FRET-FISH/iAM788_20220623_001/a488_009.tif,/home/xiaoze/Desktop/user_folders/Xiaoze/FRET-FISH/iAM788_20220623_001/a594_009.tif,/home/xiaoze/Desktop/user_folders/Xiaoze/FRET-FISH/iAM788_20220623_001/a488fret_009.tif,/home/xiaoze/Desktop/user_folders/Xiaoze/FRET-FISH/iAM788_20220623_001/Cy5_009.tif,108,589,26,109,584,24,a488,2666,1658,6444,2735,6
35,013.NM,2,6,/home/xiaoze/Desktop/user_folders/Xiaoze/FRET-FISH/iAM788_20220623_001/a488_013.tif,/home/xiaoze/Desktop/user_folders/Xiaoze/FRET-FISH/iAM788_20220623_001/a594_013.tif,/home/xiaoze/Desktop/user_folders/Xiaoze/FRET-FISH/iAM788_20220623_001/a488fret_013.tif,/home/xiaoze/Desktop/user_folders/Xiaoze/FRET-FISH/iAM788_20220623_001/Cy5_013.tif,360,646,20,360,647,21,a488,3101,2523,5686,2596,1
35,013.NM,2,6,/home/xiaoze/Desktop/user_folders/Xiaoze/FRET-FISH/iAM788_20220623_001/a488_013.tif,/home/xiaoze/Desktop/user_folders/Xiaoze/FRET-FISH/iAM788_20220623_001/a594_013.tif,/home/xiaoze/Desktop/user_folders/Xiaoze/FRET-FISH/iAM788_20220623_001/a488fret_013.tif,/home/xiaoze/Desktop/user_folders/Xiaoze/FRET-FISH/iAM788_20220623_001/Cy5_013.tif,319,713,22,321,709,22,a488,3127,1789,4383,2618,2
35,013.NM,2,6,/home/xiaoze/Desktop/user_folders/Xiaoze/FRET-FISH/iAM788_20220623_001/a488_013.tif,/home/xiaoze/Desktop/user_folders/Xiaoze/FRET-FISH/iAM788_20220623_001/a594_013.tif,/home/xiaoze/Desktop/user_folders/Xiaoze/FRET-FISH/iAM788_20220623_001/a488fret_013.tif,/home/xiaoze/Desktop/user_folders/Xiaoze/FRET-FISH/iAM788_20220623_001/Cy5_013.tif,331,641,20,333,646,21,a488,3270,4022,7525,2906,3
35,013.NM,2,6,/home/xiaoze/Desktop/user_folders/Xiaoze/FRET-FISH/iAM788_20220623_001/a488_013.tif,/home/xiaoze/Desktop/user_folders/Xiaoze/FRET-FISH/iAM788_20220623_001/a594_013.tif,/home/xiaoze/Desktop/user_folders/Xiaoze/FRET-FISH/iAM788_20220623_001/a488fret_013.tif,/home/xiaoze/Desktop/user_folders/Xiaoze/FRET-FISH/iAM788_20220623_001/Cy5_013.tif,279,687,23,273,690,23,a488,3348,2641,11503,2722,4
35,013.NM,2,6,/home/xiaoze/Desktop/user_folders/Xiaoze/FRET-FISH/iAM788_20220623_001/a488_013.tif,/home/xiaoze/Desktop/user_folders/Xiaoze/FRET-FISH/iAM788_20220623_001/a594_013.tif,/home/xiaoze/Desktop/user_folders/Xiaoze/FRET-FISH/iAM788_20220623_001/a488fret_013.tif,/home/xiaoze/Desktop/user_folders/Xiaoze/FRET-FISH/iAM788_20220623_001/Cy5_013.tif,301,702,21,296,703,19,a488,3104,1766,4364,2766,5
35,013.NM,2,6,/home/xiaoze/Desktop/user_folders/Xiaoze/FRET-FISH/iAM788_20220623_001/a488_013.tif,/home/xiaoze/Desktop/user_folders/Xiaoze/FRET-FISH/iAM788_20220623_001/a594_013.tif,/home/xiaoze/Desktop/user_folders/Xiaoze/FRET-FISH/iAM788_20220623_001/a488fret_013.tif,/home/xiaoze/Desktop/user_folders/Xiaoze/FRET-FISH/iAM788_20220623_001/Cy5_013.tif,318,676,18,313,677,20,a488,2993,1849,4262,2792,6
40,015.NM,2,4,/home/xiaoze/Desktop/user_folders/Xiaoze/FRET-FISH/iAM788_20220623_001/a488_015.tif,/home/xiaoze/Desktop/user_folders/Xiaoze/FRET-FISH/iAM788_20220623_001/a594_015.tif,/home/xiaoze/Desktop/user_folders/Xiaoze/FRET-FISH/iAM788_20220623_001/a488fret_015.tif,/home/xiaoze/Desktop/user_folders/Xiaoze/FRET-FISH/iAM788_20220623_001/Cy5_015.tif,120,344,25,116,342,23,a488,2854,2581,13325,3085,1
40,015.NM,2,4,/home/xiaoze/Desktop/user_folders/Xiaoze/FRET-FISH/iAM788_20220623_001/a488_015.tif,/home/xiaoze/Desktop/user_folders/Xiaoze/FRET-FISH/iAM788_20220623_001/a594_015.tif,/home/xiaoze/Desktop/user_folders/Xiaoze/FRET-FISH/iAM788_20220623_001/a488fret_015.tif,/home/xiaoze/Desktop/user_folders/Xiaoze/FRET-FISH/iAM788_20220623_001/Cy5_015.tif,181,369,23,179,375,22,a488,2969,1905,4426,2822,2
40,015.NM,2,4,/home/xiaoze/Desktop/user_folders/Xiaoze/FRET-FISH/iAM788_20220623_001/a488_015.tif,/home/xiaoze/Desktop/user_folders/Xiaoze/FRET-FISH/iAM788_20220623_001/a594_015.tif,/home/xiaoze/Desktop/user_folders/Xiaoze/FRET-FISH/iAM788_20220623_001/a488fret_015.tif,/home/xiaoze/Desktop/user_folders/Xiaoze/FRET-FISH/iAM788_20220623_001/Cy5_015.tif,196,396,20,193,392,22,a488,2909,2667,8162,2983,3
40,015.NM,2,4,/home/xiaoze/Desktop/user_folders/Xiaoze/FRET-FISH/iAM788_20220623_001/a488_015.tif,/home/xiaoze/Desktop/user_folders/Xiaoze/FRET-FISH/iAM788_20220623_001/a594_015.tif,/home/xiaoze/Desktop/user_folders/Xiaoze/FRET-FISH/iAM788_20220623_001/a488fret_015.tif,/home/xiaoze/Desktop/user_folders/Xiaoze/FRET-FISH/iAM788_20220623_001/Cy5_015.tif,207,395,28,210,399,26,a488,3111,2018,5843,2986,4
44,017.NM,1,4,/home/xiaoze/Desktop/user_folders/Xiaoze/FRET-FISH/iAM788_20220623_001/a488_017.tif,/home/xiaoze/Desktop/user_folders/Xiaoze/FRET-FISH/iAM788_20220623_001/a594_017.tif,/home/xiaoze/Desktop/user_folders/Xiaoze/FRET-FISH/iAM788_20220623_001/a488fret_017.tif,/home/xiaoze/Desktop/user_folders/Xiaoze/FRET-FISH/iAM788_20220623_001/Cy5_017.tif,728,170,21,730,169,22,a488,2903,2061,4312,2775,1
44,017.NM,1,4,/home/xiaoze/Desktop/user_folders/Xiaoze/FRET-FISH/iAM788_20220623_001/a488_017.tif,/home/xiaoze/Desktop/user_folders/Xiaoze/FRET-FISH/iAM788_20220623_001/a594_017.tif,/home/xiaoze/Desktop/user_folders/Xiaoze/FRET-FISH/iAM788_20220623_001/a488fret_017.tif,/home/xiaoze/Desktop/user_folders/Xiaoze/FRET-FISH/iAM788_20220623_001/Cy5_017.tif,771,122,22,770,126,24,a488,4230,7302,11622,7705,2
44,017.NM,1,4,/home/xiaoze/Desktop/user_folders/Xiaoze/FRET-FISH/iAM788_20220623_001/a488_017.tif,/home/xiaoze/Desktop/user_folders/Xiaoze/FRET-FISH/iAM788_20220623_001/a594_017.tif,/home/xiaoze/Desktop/user_folders/Xiaoze/FRET-FISH/iAM788_20220623_001/a488fret_017.tif,/home/xiaoze/Desktop/user_folders/Xiaoze/FRET-FISH/iAM788_20220623_001/Cy5_017.tif,797,114,25,799,118,23,a488,2897,1882,8849,4082,3
44,017.NM,1,4,/home/xiaoze/Desktop/user_folders/Xiaoze/FRET-FISH/iAM788_20220623_001/a488_017.tif,/home/xiaoze/Desktop/user_folders/Xiaoze/FRET-FISH/iAM788_20220623_001/a594_017.tif,/home/xiaoze/Desktop/user_folders/Xiaoze/FRET-FISH/iAM788_20220623_001/a488fret_017.tif,/home/xiaoze/Desktop/user_folders/Xiaoze/FRET-FISH/iAM788_20220623_001/Cy5_017.tif,784,129,28,788,126,30,a488,2804,1832,3848,2675,4
45,017.NM,2,4,/home/xiaoze/Desktop/user_folders/Xiaoze/FRET-FISH/iAM788_20220623_001/a488_017.tif,/home/xiaoze/Desktop/user_folders/Xiaoze/FRET-FISH/iAM788_20220623_001/a594_017.tif,/home/xiaoze/Desktop/user_folders/Xiaoze/FRET-FISH/iAM788_20220623_001/a488fret_017.tif,/home/xiaoze/Desktop/user_folders/Xiaoze/FRET-FISH/iAM788_20220623_001/Cy5_017.tif,308,276,30,309,273,32,a488,3735,3223,4613,3123,1
45,017.NM,2,4,/home/xiaoze/Desktop/user_folders/Xiaoze/FRET-FISH/iAM788_20220623_001/a488_017.tif,/home/xiaoze/Desktop/user_folders/Xiaoze/FRET-FISH/iAM788_20220623_001/a594_017.tif,/home/xiaoze/Desktop/user_folders/Xiaoze/FRET-FISH/iAM788_20220623_001/a488fret_017.tif,/home/xiaoze/Desktop/user_folders/Xiaoze/FRET-FISH/iAM788_20220623_001/Cy5_017.tif,275,358,29,279,357,27,a488,3298,3166,7734,10259,2
45,017.NM,2,4,/home/xiaoze/Desktop/user_folders/Xiaoze/FRET-FISH/iAM788_20220623_001/a488_017.tif,/home/xiaoze/Desktop/user_folders/Xiaoze/FRET-FISH/iAM788_20220623_001/a594_017.tif,/home/xiaoze/Desktop/user_folders/Xiaoze/FRET-FISH/iAM788_20220623_001/a488fret_017.tif,/home/xiaoze/Desktop/user_folders/Xiaoze/FRET-FISH/iAM788_20220623_001/Cy5_017.tif,309,302,25,306,306,23,a488,3154,2044,6912,2726,3
45,017.NM,2,4,/home/xiaoze/Desktop/user_folders/Xiaoze/FRET-FISH/iAM788_20220623_001/a488_017.tif,/home/xiaoze/Desktop/user_folders/Xiaoze/FRET-FISH/iAM788_20220623_001/a594_017.tif,/home/xiaoze/Desktop/user_folders/Xiaoze/FRET-FISH/iAM788_20220623_001/a488fret_017.tif,/home/xiaoze/Desktop/user_folders/Xiaoze/FRET-FISH/iAM788_20220623_001/Cy5_017.tif,325,277,25,321,282,26,a488,3634,4496,9134,3063,4
49,018.NM,2,4,/home/xiaoze/Desktop/user_folders/Xiaoze/FRET-FISH/iAM788_20220623_001/a488_018.tif,/home/xiaoze/Desktop/user_folders/Xiaoze/FRET-FISH/iAM788_20220623_001/a594_018.tif,/home/xiaoze/Desktop/user_folders/Xiaoze/FRET-FISH/iAM788_20220623_001/a488fret_018.tif,/home/xiaoze/Desktop/user_folders/Xiaoze/FRET-FISH/iAM788_20220623_001/Cy5_018.tif,690,483,21,690,480,20,a488,12919,3300,7746,7805,1
49,018.NM,2,4,/home/xiaoze/Desktop/user_folders/Xiaoze/FRET-FISH/iAM788_20220623_001/a488_018.tif,/home/xiaoze/Desktop/user_folders/Xiaoze/FRET-FISH/iAM788_20220623_001/a594_018.tif,/home/xiaoze/Desktop/user_folders/Xiaoze/FRET-FISH/iAM788_20220623_001/a488fret_018.tif,/home/xiaoze/Desktop/user_folders/Xiaoze/FRET-FISH/iAM788_20220623_001/Cy5_018.tif,668,473,30,672,472,28,a488,5330,3278,8556,3784,2
49,018.NM,2,4,/home/xiaoze/Desktop/user_folders/Xiaoze/FRET-FISH/iAM788_20220623_001/a488_018.tif,/home/xiaoze/Desktop/user_folders/Xiaoze/FRET-FISH/iAM788_20220623_001/a594_018.tif,/home/xiaoze/Desktop/user_folders/Xiaoze/FRET-FISH/iAM788_20220623_001/a488fret_018.tif,/home/xiaoze/Desktop/user_folders/Xiaoze/FRET-FISH/iAM788_20220623_001/Cy5_018.tif,667,481,21,670,487,21,a488,6441,4088,9927,4083,3
49,018.NM,2,4,/home/xiaoze/Desktop/user_folders/Xiaoze/FRET-FISH/iAM788_20220623_001/a488_018.tif,/home/xiaoze/Desktop/user_folders/Xiaoze/FRET-FISH/iAM788_20220623_001/a594_018.tif,/home/xiaoze/Desktop/user_folders/Xiaoze/FRET-FISH/iAM788_20220623_001/a488fret_018.tif,/home/xiaoze/Desktop/user_folders/Xiaoze/FRET-FISH/iAM788_20220623_001/Cy5_018.tif,689,485,32,692,481,30,a488,17525,3694,10106,8084,4
50,018.NM,3,4,/home/xiaoze/Desktop/user_folders/Xiaoze/FRET-FISH/iAM788_20220623_001/a488_018.tif,/home/xiaoze/Desktop/user_folders/Xiaoze/FRET-FISH/iAM788_20220623_001/a594_018.tif,/home/xiaoze/Desktop/user_folders/Xiaoze/FRET-FISH/iAM788_20220623_001/a488fret_018.tif,/home/xiaoze/Desktop/user_folders/Xiaoze/FRET-FISH/iAM788_20220623_001/Cy5_018.tif,409,506,22,410,506,22,a488,3589,3006,5511,2987,1
50,018.NM,3,4,/home/xiaoze/Desktop/user_folders/Xiaoze/FRET-FISH/iAM788_20220623_001/a488_018.tif,/home/xiaoze/Desktop/user_folders/Xiaoze/FRET-FISH/iAM788_20220623_001/a594_018.tif,/home/xiaoze/Desktop/user_folders/Xiaoze/FRET-FISH/iAM788_20220623_001/a488fret_018.tif,/home/xiaoze/Desktop/user_folders/Xiaoze/FRET-FISH/iAM788_20220623_001/Cy5_018.tif,421,479,29,420,475,27,a488,3675,1996,6119,3382,2
50,018.NM,3,4,/home/xiaoze/Desktop/user_folders/Xiaoze/FRET-FISH/iAM788_20220623_001/a488_018.tif,/home/xiaoze/Desktop/user_folders/Xiaoze/FRET-FISH/iAM788_20220623_001/a594_018.tif,/home/xiaoze/Desktop/user_folders/Xiaoze/FRET-FISH/iAM788_20220623_001/a488fret_018.tif,/home/xiaoze/Desktop/user_folders/Xiaoze/FRET-FISH/iAM788_20220623_001/Cy5_018.tif,445,491,30,448,494,28,a488,4227,5054,8859,5099,3
50,018.NM,3,4,/home/xiaoze/Desktop/user_folders/Xiaoze/FRET-FISH/iAM788_20220623_001/a488_018.tif,/home/xiaoze/Desktop/user_folders/Xiaoze/FRET-FISH/iAM788_20220623_001/a594_018.tif,/home/xiaoze/Desktop/user_folders/Xiaoze/FRET-FISH/iAM788_20220623_001/a488fret_018.tif,/home/xiaoze/Desktop/user_folders/Xiaoze/FRET-FISH/iAM788_20220623_001/Cy5_018.tif,427,453,30,430,457,28,a488,3928,2000,8118,3797,4
53,019.NM,2,4,/home/xiaoze/Desktop/user_folders/Xiaoze/FRET-FISH/iAM788_20220623_001/a488_019.tif,/home/xiaoze/Desktop/user_folders/Xiaoze/FRET-FISH/iAM788_20220623_001/a594_019.tif,/home/xiaoze/Desktop/user_folders/Xiaoze/FRET-FISH/iAM788_20220623_001/a488fret_019.tif,/home/xiaoze/Desktop/user_folders/Xiaoze/FRET-FISH/iAM788_20220623_001/Cy5_019.tif,130,697,34,132,697,32,a488,3130,1910,5027,3135,1
53,019.NM,2,4,/home/xiaoze/Desktop/user_folders/Xiaoze/FRET-FISH/iAM788_20220623_001/a488_019.tif,/home/xiaoze/Desktop/user_folders/Xiaoze/FRET-FISH/iAM788_20220623_001/a594_019.tif,/home/xiaoze/Desktop/user_folders/Xiaoze/FRET-FISH/iAM788_20220623_001/a488fret_019.tif,/home/xiaoze/Desktop/user_folders/Xiaoze/FRET-FISH/iAM788_20220623_001/Cy5_019.tif,106,693,26,108,697,28,a488,3255,1894,4724,2915,2
53,019.NM,2,4,/home/xiaoze/Desktop/user_folders/Xiaoze/FRET-FISH/iAM788_20220623_001/a488_019.tif,/home/xiaoze/Desktop/user_folders/Xiaoze/FRET-FISH/iAM788_20220623_001/a594_019.tif,/home/xiaoze/Desktop/user_folders/Xiaoze/FRET-FISH/iAM788_20220623_001/a488fret_019.tif,/home/xiaoze/Desktop/user_folders/Xiaoze/FRET-FISH/iAM788_20220623_001/Cy5_019.tif,65,668,22,61,665,20,a488,3085,3184,5658,2727,3
53,019.NM,2,4,/home/xiaoze/Desktop/user_folders/Xiaoze/FRET-FISH/iAM788_20220623_001/a488_019.tif,/home/xiaoze/Desktop/user_folders/Xiaoze/FRET-FISH/iAM788_20220623_001/a594_019.tif,/home/xiaoze/Desktop/user_folders/Xiaoze/FRET-FISH/iAM788_20220623_001/a488fret_019.tif,/home/xiaoze/Desktop/user_folders/Xiaoze/FRET-FISH/iAM788_20220623_001/Cy5_019.tif,136,694,24,140,699,23,a488,4408,7008,5605,3087,4
54,019.NM,3,5,/home/xiaoze/Desktop/user_folders/Xiaoze/FRET-FISH/iAM788_20220623_001/a488_019.tif,/home/xiaoze/Desktop/user_folders/Xiaoze/FRET-FISH/iAM788_20220623_001/a594_019.tif,/home/xiaoze/Desktop/user_folders/Xiaoze/FRET-FISH/iAM788_20220623_001/a488fret_019.tif,/home/xiaoze/Desktop/user_folders/Xiaoze/FRET-FISH/iAM788_20220623_001/Cy5_019.tif,487,801,23,488,801,22,a488,7088,2231,4084,3301,1
54,019.NM,3,5,/home/xiaoze/Desktop/user_folders/Xiaoze/FRET-FISH/iAM788_20220623_001/a488_019.tif,/home/xiaoze/Desktop/user_folders/Xiaoze/FRET-FISH/iAM788_20220623_001/a594_019.tif,/home/xiaoze/Desktop/user_folders/Xiaoze/FRET-FISH/iAM788_20220623_001/a488fret_019.tif,/home/xiaoze/Desktop/user_folders/Xiaoze/FRET-FISH/iAM788_20220623_001/Cy5_019.tif,593,821,27,594,823,26,a488,2662,1819,4524,2368,2
54,019.NM,3,5,/home/xiaoze/Desktop/user_folders/Xiaoze/FRET-FISH/iAM788_20220623_001/a488_019.tif,/home/xiaoze/Desktop/user_folders/Xiaoze/FRET-FISH/iAM788_20220623_001/a594_019.tif,/home/xiaoze/Desktop/user_folders/Xiaoze/FRET-FISH/iAM788_20220623_001/a488fret_019.tif,/home/xiaoze/Desktop/user_folders/Xiaoze/FRET-FISH/iAM788_20220623_001/Cy5_019.tif,575,819,20,574,814,22,a488,3616,5968,4121,2620,3
54,019.NM,3,5,/home/xiaoze/Desktop/user_folders/Xiaoze/FRET-FISH/iAM788_20220623_001/a488_019.tif,/home/xiaoze/Desktop/user_folders/Xiaoze/FRET-FISH/iAM788_20220623_001/a594_019.tif,/home/xiaoze/Desktop/user_folders/Xiaoze/FRET-FISH/iAM788_20220623_001/a488fret_019.tif,/home/xiaoze/Desktop/user_folders/Xiaoze/FRET-FISH/iAM788_20220623_001/Cy5_019.tif,537,791,22,536,796,20,a488,3533,4019,5689,3060,4
54,019.NM,3,5,/home/xiaoze/Desktop/user_folders/Xiaoze/FRET-FISH/iAM788_20220623_001/a488_019.tif,/home/xiaoze/Desktop/user_folders/Xiaoze/FRET-FISH/iAM788_20220623_001/a594_019.tif,/home/xiaoze/Desktop/user_folders/Xiaoze/FRET-FISH/iAM788_20220623_001/a488fret_019.tif,/home/xiaoze/Desktop/user_folders/Xiaoze/FRET-FISH/iAM788_20220623_001/Cy5_019.tif,530,804,29,525,805,27,a488,3350,1772,6258,8461,5
58,021.NM,2,5,/home/xiaoze/Desktop/user_folders/Xiaoze/FRET-FISH/iAM788_20220623_001/a488_021.tif,/home/xiaoze/Desktop/user_folders/Xiaoze/FRET-FISH/iAM788_20220623_001/a594_021.tif,/home/xiaoze/Desktop/user_folders/Xiaoze/FRET-FISH/iAM788_20220623_001/a488fret_021.tif,/home/xiaoze/Desktop/user_folders/Xiaoze/FRET-FISH/iAM788_20220623_001/Cy5_021.tif,686,455,20,687,455,21,a488,3416,3251,5122,3102,1
58,021.NM,2,5,/home/xiaoze/Desktop/user_folders/Xiaoze/FRET-FISH/iAM788_20220623_001/a488_021.tif,/home/xiaoze/Desktop/user_folders/Xiaoze/FRET-FISH/iAM788_20220623_001/a594_021.tif,/home/xiaoze/Desktop/user_folders/Xiaoze/FRET-FISH/iAM788_20220623_001/a488fret_021.tif,/home/xiaoze/Desktop/user_folders/Xiaoze/FRET-FISH/iAM788_20220623_001/Cy5_021.tif,665,428,27,668,423,26,a488,3549,2109,4470,3079,2
58,021.NM,2,5,/home/xiaoze/Desktop/user_folders/Xiaoze/FRET-FISH/iAM788_20220623_001/a488_021.tif,/home/xiaoze/Desktop/user_folders/Xiaoze/FRET-FISH/iAM788_20220623_001/a594_021.tif,/home/xiaoze/Desktop/user_folders/Xiaoze/FRET-FISH/iAM788_20220623_001/a488fret_021.tif,/home/xiaoze/Desktop/user_folders/Xiaoze/FRET-FISH/iAM788_20220623_001/Cy5_021.tif,712,434,26,716,432,28,a488,4593,10158,6676,12540,3
58,021.NM,2,5,/home/xiaoze/Desktop/user_folders/Xiaoze/FRET-FISH/iAM788_20220623_001/a488_021.tif,/home/xiaoze/Desktop/user_folders/Xiaoze/FRET-FISH/iAM788_20220623_001/a594_021.tif,/home/xiaoze/Desktop/user_folders/Xiaoze/FRET-FISH/iAM788_20220623_001/a488fret_021.tif,/home/xiaoze/Desktop/user_folders/Xiaoze/FRET-FISH/iAM788_20220623_001/Cy5_021.tif,642,432,25,647,431,23,a488,3410,2400,11351,3975,4
58,021.NM,2,5,/home/xiaoze/Desktop/user_folders/Xiaoze/FRET-FISH/iAM788_20220623_001/a488_021.tif,/home/xiaoze/Desktop/user_folders/Xiaoze/FRET-FISH/iAM788_20220623_001/a594_021.tif,/home/xiaoze/Desktop/user_folders/Xiaoze/FRET-FISH/iAM788_20220623_001/a488fret_021.tif,/home/xiaoze/Desktop/user_folders/Xiaoze/FRET-FISH/iAM788_20220623_001/Cy5_021.tif,664,450,24,664,449,27,a488,3761,4300,5374,3192,5
59,021.NM,3,4,/home/xiaoze/Desktop/user_folders/Xiaoze/FRET-FISH/iAM788_20220623_001/a488_021.tif,/home/xiaoze/Desktop/user_folders/Xiaoze/FRET-FISH/iAM788_20220623_001/a594_021.tif,/home/xiaoze/Desktop/user_folders/Xiaoze/FRET-FISH/iAM788_20220623_001/a488fret_021.tif,/home/xiaoze/Desktop/user_folders/Xiaoze/FRET-FISH/iAM788_20220623_001/Cy5_021.tif,769,671,22,770,672,22,a488,3971,2707,4849,3213,1
59,021.NM,3,4,/home/xiaoze/Desktop/user_folders/Xiaoze/FRET-FISH/iAM788_20220623_001/a488_021.tif,/home/xiaoze/Desktop/user_folders/Xiaoze/FRET-FISH/iAM788_20220623_001/a594_021.tif,/home/xiaoze/Desktop/user_folders/Xiaoze/FRET-FISH/iAM788_20220623_001/a488fret_021.tif,/home/xiaoze/Desktop/user_folders/Xiaoze/FRET-FISH/iAM788_20220623_001/Cy5_021.tif,753,648,23,758,652,23,a488,4025,3984,9285,9987,2
59,021.NM,3,4,/home/xiaoze/Desktop/user_folders/Xiaoze/FRET-FISH/iAM788_20220623_001/a488_021.tif,/home/xiaoze/Desktop/user_folders/Xiaoze/FRET-FISH/iAM788_20220623_001/a594_021.tif,/home/xiaoze/Desktop/user_folders/Xiaoze/FRET-FISH/iAM788_20220623_001/a488fret_021.tif,/home/xiaoze/Desktop/user_folders/Xiaoze/FRET-FISH/iAM788_20220623_001/Cy5_021.tif,747,669,31,753,666,31,a488,4598,4278,5987,3298,3
59,021.NM,3,4,/home/xiaoze/Desktop/user_folders/Xiaoze/FRET-FISH/iAM788_20220623_001/a488_021.tif,/home/xiaoze/Desktop/user_folders/Xiaoze/FRET-FISH/iAM788_20220623_001/a594_021.tif,/home/xiaoze/Desktop/user_folders/Xiaoze/FRET-FISH/iAM788_20220623_001/a488fret_021.tif,/home/xiaoze/Desktop/user_folders/Xiaoze/FRET-FISH/iAM788_20220623_001/Cy5_021.tif,781,657,27,782,662,29,a488,4163,4186,5934,2939,4
61,022.NM,2,5,/home/xiaoze/Desktop/user_folders/Xiaoze/FRET-FISH/iAM788_20220623_001/a488_022.tif,/home/xiaoze/Desktop/user_folders/Xiaoze/FRET-FISH/iAM788_20220623_001/a594_022.tif,/home/xiaoze/Desktop/user_folders/Xiaoze/FRET-FISH/iAM788_20220623_001/a488fret_022.tif,/home/xiaoze/Desktop/user_folders/Xiaoze/FRET-FISH/iAM788_20220623_001/Cy5_022.tif,273,245,22,273,242,24,a488,7312,1993,4912,3734,1
61,022.NM,2,5,/home/xiaoze/Desktop/user_folders/Xiaoze/FRET-FISH/iAM788_20220623_001/a488_022.tif,/home/xiaoze/Desktop/user_folders/Xiaoze/FRET-FISH/iAM788_20220623_001/a594_022.tif,/home/xiaoze/Desktop/user_folders/Xiaoze/FRET-FISH/iAM788_20220623_001/a488fret_022.tif,/home/xiaoze/Desktop/user_folders/Xiaoze/FRET-FISH/iAM788_20220623_001/Cy5_022.tif,304,240,24,309,240,22,a488,4225,2110,11601,3298,2
61,022.NM,2,5,/home/xiaoze/Desktop/user_folders/Xiaoze/FRET-FISH/iAM788_20220623_001/a488_022.tif,/home/xiaoze/Desktop/user_folders/Xiaoze/FRET-FISH/iAM788_20220623_001/a594_022.tif,/home/xiaoze/Desktop/user_folders/Xiaoze/FRET-FISH/iAM788_20220623_001/a488fret_022.tif,/home/xiaoze/Desktop/user_folders/Xiaoze/FRET-FISH/iAM788_20220623_001/Cy5_022.tif,328,237,27,332,232,28,a488,4973,3894,5112,3998,3
61,022.NM,2,5,/home/xiaoze/Desktop/user_folders/Xiaoze/FRET-FISH/iAM788_20220623_001/a488_022.tif,/home/xiaoze/Desktop/user_folders/Xiaoze/FRET-FISH/iAM788_20220623_001/a594_022.tif,/home/xiaoze/Desktop/user_folders/Xiaoze/FRET-FISH/iAM788_20220623_001/a488fret_022.tif,/home/xiaoze/Desktop/user_folders/Xiaoze/FRET-FISH/iAM788_20220623_001/Cy5_022.tif,254,259,29,253,254,27,a488,3968,2541,10720,8551,4
61,022.NM,2,5,/home/xiaoze/Desktop/user_folders/Xiaoze/FRET-FISH/iAM788_20220623_001/a488_022.tif,/home/xiaoze/Desktop/user_folders/Xiaoze/FRET-FISH/iAM788_20220623_001/a594_022.tif,/home/xiaoze/Desktop/user_folders/Xiaoze/FRET-FISH/iAM788_20220623_001/a488fret_022.tif,/home/xiaoze/Desktop/user_folders/Xiaoze/FRET-FISH/iAM788_20220623_001/Cy5_022.tif,299,257,30,294,258,32,a488,4574,1965,4785,3297,5
66,023.NM,3,6,/home/xiaoze/Desktop/user_folders/Xiaoze/FRET-FISH/iAM788_20220623_001/a488_023.tif,/home/xiaoze/Desktop/user_folders/Xiaoze/FRET-FISH/iAM788_20220623_001/a594_023.tif,/home/xiaoze/Desktop/user_folders/Xiaoze/FRET-FISH/iAM788_20220623_001/a488fret_023.tif,/home/xiaoze/Desktop/user_folders/Xiaoze/FRET-FISH/iAM788_20220623_001/Cy5_023.tif,39,356,23,37,355,23,a488,3337,1938,4337,3020,1
66,023.NM,3,6,/home/xiaoze/Desktop/user_folders/Xiaoze/FRET-FISH/iAM788_20220623_001/a488_023.tif,/home/xiaoze/Desktop/user_folders/Xiaoze/FRET-FISH/iAM788_20220623_001/a594_023.tif,/home/xiaoze/Desktop/user_folders/Xiaoze/FRET-FISH/iAM788_20220623_001/a488fret_023.tif,/home/xiaoze/Desktop/user_folders/Xiaoze/FRET-FISH/iAM788_20220623_001/Cy5_023.tif,71,362,24,75,361,25,a488,3021,1958,4373,3099,2
66,023.NM,3,6,/home/xiaoze/Desktop/user_folders/Xiaoze/FRET-FISH/iAM788_20220623_001/a488_023.tif,/home/xiaoze/Desktop/user_folders/Xiaoze/FRET-FISH/iAM788_20220623_001/a594_023.tif,/home/xiaoze/Desktop/user_folders/Xiaoze/FRET-FISH/iAM788_20220623_001/a488fret_023.tif,/home/xiaoze/Desktop/user_folders/Xiaoze/FRET-FISH/iAM788_20220623_001/Cy5_023.tif,104,350,26,102,353,24,a488,2834,2083,8068,6810,3
66,023.NM,3,6,/home/xiaoze/Desktop/user_folders/Xiaoze/FRET-FISH/iAM788_20220623_001/a488_023.tif,/home/xiaoze/Desktop/user_folders/Xiaoze/FRET-FISH/iAM788_20220623_001/a594_023.tif,/home/xiaoze/Desktop/user_folders/Xiaoze/FRET-FISH/iAM788_20220623_001/a488fret_023.tif,/home/xiaoze/Desktop/user_folders/Xiaoze/FRET-FISH/iAM788_20220623_001/Cy5_023.tif,82,348,30,83,344,28,a488,3024,1964,6951,9998,4
66,023.NM,3,6,/home/xiaoze/Desktop/user_folders/Xiaoze/FRET-FISH/iAM788_20220623_001/a488_023.tif,/home/xiaoze/Desktop/user_folders/Xiaoze/FRET-FISH/iAM788_20220623_001/a594_023.tif,/home/xiaoze/Desktop/user_folders/Xiaoze/FRET-FISH/iAM788_20220623_001/a488fret_023.tif,/home/xiaoze/Desktop/user_folders/Xiaoze/FRET-FISH/iAM788_20220623_001/Cy5_023.tif,113,365,21,119,364,22,a488,3130,4211,6823,2902,5
66,023.NM,3,6,/home/xiaoze/Desktop/user_folders/Xiaoze/FRET-FISH/iAM788_20220623_001/a488_023.tif,/home/xiaoze/Desktop/user_folders/Xiaoze/FRET-FISH/iAM788_20220623_001/a594_023.tif,/home/xiaoze/Desktop/user_folders/Xiaoze/FRET-FISH/iAM788_20220623_001/a488fret_023.tif,/home/xiaoze/Desktop/user_folders/Xiaoze/FRET-FISH/iAM788_20220623_001/Cy5_023.tif,70,325,22,75,326,24,a488,3239,3611,4417,2985,6
67,023.NM,4,6,/home/xiaoze/Desktop/user_folders/Xiaoze/FRET-FISH/iAM788_20220623_001/a488_023.tif,/home/xiaoze/Desktop/user_folders/Xiaoze/FRET-FISH/iAM788_20220623_001/a594_023.tif,/home/xiaoze/Desktop/user_folders/Xiaoze/FRET-FISH/iAM788_20220623_001/a488fret_023.tif,/home/xiaoze/Desktop/user_folders/Xiaoze/FRET-FISH/iAM788_20220623_001/Cy5_023.tif,654,852,20,655,853,20,a488,3125,2307,4027,2865,1
67,023.NM,4,6,/home/xiaoze/Desktop/user_folders/Xiaoze/FRET-FISH/iAM788_20220623_001/a488_023.tif,/home/xiaoze/Desktop/user_folders/Xiaoze/FRET-FISH/iAM788_20220623_001/a594_023.tif,/home/xiaoze/Desktop/user_folders/Xiaoze/FRET-FISH/iAM788_20220623_001/a488fret_023.tif,/home/xiaoze/Desktop/user_folders/Xiaoze/FRET-FISH/iAM788_20220623_001/Cy5_023.tif,633,873,29,635,874,29,a488,3410,2333,4079,2739,2
67,023.NM,4,6,/home/xiaoze/Desktop/user_folders/Xiaoze/FRET-FISH/iAM788_20220623_001/a488_023.tif,/home/xiaoze/Desktop/user_folders/Xiaoze/FRET-FISH/iAM788_20220623_001/a594_023.tif,/home/xiaoze/Desktop/user_folders/Xiaoze/FRET-FISH/iAM788_20220623_001/a488fret_023.tif,/home/xiaoze/Desktop/user_folders/Xiaoze/FRET-FISH/iAM788_20220623_001/Cy5_023.tif,608,834,32,608,837,34,a488,3594,1835,4105,3119,3
67,023.NM,4,6,/home/xiaoze/Desktop/user_folders/Xiaoze/FRET-FISH/iAM788_20220623_001/a488_023.tif,/home/xiaoze/Desktop/user_folders/Xiaoze/FRET-FISH/iAM788_20220623_001/a594_023.tif,/home/xiaoze/Desktop/user_folders/Xiaoze/FRET-FISH/iAM788_20220623_001/a488fret_023.tif,/home/xiaoze/Desktop/user_folders/Xiaoze/FRET-FISH/iAM788_20220623_001/Cy5_023.tif,621,888,20,626,888,21,a488,4165,3167,4674,2962,4
67,023.NM,4,6,/home/xiaoze/Desktop/user_folders/Xiaoze/FRET-FISH/iAM788_20220623_001/a488_023.tif,/home/xiaoze/Desktop/user_folders/Xiaoze/FRET-FISH/iAM788_20220623_001/a594_023.tif,/home/xiaoze/Desktop/user_folders/Xiaoze/FRET-FISH/iAM788_20220623_001/a488fret_023.tif,/home/xiaoze/Desktop/user_folders/Xiaoze/FRET-FISH/iAM788_20220623_001/Cy5_023.tif,591,824,25,586,827,24,a488,3862,3307,6825,3221,5
67,023.NM,4,6,/home/xiaoze/Desktop/user_folders/Xiaoze/FRET-FISH/iAM788_20220623_001/a488_023.tif,/home/xiaoze/Desktop/user_folders/Xiaoze/FRET-FISH/iAM788_20220623_001/a594_023.tif,/home/xiaoze/Desktop/user_folders/Xiaoze/FRET-FISH/iAM788_20220623_001/a488fret_023.tif,/home/xiaoze/Desktop/user_folders/Xiaoze/FRET-FISH/iAM788_20220623_001/Cy5_023.tif,585,847,26,585,847,23,a488,3624,3779,5705,2920,6
72,025.NM,2,6,/home/xiaoze/Desktop/user_folders/Xiaoze/FRET-FISH/iAM788_20220623_001/a488_025.tif,/home/xiaoze/Desktop/user_folders/Xiaoze/FRET-FISH/iAM788_20220623_001/a594_025.tif,/home/xiaoze/Desktop/user_folders/Xiaoze/FRET-FISH/iAM788_20220623_001/a488fret_025.tif,/home/xiaoze/Desktop/user_folders/Xiaoze/FRET-FISH/iAM788_20220623_001/Cy5_025.tif,825,330,26,827,330,25,a488,3054,2951,3841,2635,1
72,025.NM,2,6,/home/xiaoze/Desktop/user_folders/Xiaoze/FRET-FISH/iAM788_20220623_001/a488_025.tif,/home/xiaoze/Desktop/user_folders/Xiaoze/FRET-FISH/iAM788_20220623_001/a594_025.tif,/home/xiaoze/Desktop/user_folders/Xiaoze/FRET-FISH/iAM788_20220623_001/a488fret_025.tif,/home/xiaoze/Desktop/user_folders/Xiaoze/FRET-FISH/iAM788_20220623_001/Cy5_025.tif,804,298,29,808,297,27,a488,2949,1870,3777,2734,2
72,025.NM,2,6,/home/xiaoze/Desktop/user_folders/Xiaoze/FRET-FISH/iAM788_20220623_001/a488_025.tif,/home/xiaoze/Desktop/user_folders/Xiaoze/FRET-FISH/iAM788_20220623_001/a594_025.tif,/home/xiaoze/Desktop/user_folders/Xiaoze/FRET-FISH/iAM788_20220623_001/a488fret_025.tif,/home/xiaoze/Desktop/user_folders/Xiaoze/FRET-FISH/iAM788_20220623_001/Cy5_025.tif,845,284,27,846,280,29,a488,2856,1846,3753,2838,3
72,025.NM,2,6,/home/xiaoze/Desktop/user_folders/Xiaoze/FRET-FISH/iAM788_20220623_001/a488_025.tif,/home/xiaoze/Desktop/user_folders/Xiaoze/FRET-FISH/iAM788_20220623_001/a594_025.tif,/home/xiaoze/Desktop/user_folders/Xiaoze/FRET-FISH/iAM788_20220623_001/a488fret_025.tif,/home/xiaoze/Desktop/user_folders/Xiaoze/FRET-FISH/iAM788_20220623_001/Cy5_025.tif,820,309,25,826,310,24,a488,3878,6153,3758,2689,4
72,025.NM,2,6,/home/xiaoze/Desktop/user_folders/Xiaoze/FRET-FISH/iAM788_20220623_001/a488_025.tif,/home/xiaoze/Desktop/user_folders/Xiaoze/FRET-FISH/iAM788_20220623_001/a594_025.tif,/home/xiaoze/Desktop/user_folders/Xiaoze/FRET-FISH/iAM788_20220623_001/a488fret_025.tif,/home/xiaoze/Desktop/user_folders/Xiaoze/FRET-FISH/iAM788_20220623_001/Cy5_025.tif,856,291,20,851,291,22,a488,3301,5640,6508,2837,5
72,025.NM,2,6,/home/xiaoze/Desktop/user_folders/Xiaoze/FRET-FISH/iAM788_20220623_001/a488_025.tif,/home/xiaoze/Desktop/user_folders/Xiaoze/FRET-FISH/iAM788_20220623_001/a594_025.tif,/home/xiaoze/Desktop/user_folders/Xiaoze/FRET-FISH/iAM788_20220623_001/a488fret_025.tif,/home/xiaoze/Desktop/user_folders/Xiaoze/FRET-FISH/iAM788_20220623_001/Cy5_025.tif,795,304,21,790,300,20,a488,2872,1717,3710,2655,6
74,025.NM,4,6,/home/xiaoze/Desktop/user_folders/Xiaoze/FRET-FISH/iAM788_20220623_001/a488_025.tif,/home/xiaoze/Desktop/user_folders/Xiaoze/FRET-FISH/iAM788_20220623_001/a594_025.tif,/home/xiaoze/Desktop/user_folders/Xiaoze/FRET-FISH/iAM788_20220623_001/a488fret_025.tif,/home/xiaoze/Desktop/user_folders/Xiaoze/FRET-FISH/iAM788_20220623_001/Cy5_025.tif,248,904,27,247,902,25,a488,4931,2433,5693,3769,1
74,025.NM,4,6,/home/xiaoze/Desktop/user_folders/Xiaoze/FRET-FISH/iAM788_20220623_001/a488_025.tif,/home/xiaoze/Desktop/user_folders/Xiaoze/FRET-FISH/iAM788_20220623_001/a594_025.tif,/home/xiaoze/Desktop/user_folders/Xiaoze/FRET-FISH/iAM788_20220623_001/a488fret_025.tif,/home/xiaoze/Desktop/user_folders/Xiaoze/FRET-FISH/iAM788_20220623_001/Cy5_025.tif,263,884,34,259,888,33,a488,4920,3815,6154,3783,2
74,025.NM,4,6,/home/xiaoze/Desktop/user_folders/Xiaoze/FRET-FISH/iAM788_20220623_001/a488_025.tif,/home/xiaoze/Desktop/user_folders/Xiaoze/FRET-FISH/iAM788_20220623_001/a594_025.tif,/home/xiaoze/Desktop/user_folders/Xiaoze/FRET-FISH/iAM788_20220623_001/a488fret_025.tif,/home/xiaoze/Desktop/user_folders/Xiaoze/FRET-FISH/iAM788_20220623_001/Cy5_025.tif,302,898,23,296,896,23,a488,3923,3200,6373,3409,3
74,025.NM,4,6,/home/xiaoze/Desktop/user_folders/Xiaoze/FRET-FISH/iAM788_20220623_001/a488_025.tif,/home/xiaoze/Desktop/user_folders/Xiaoze/FRET-FISH/iAM788_20220623_001/a594_025.tif,/home/xiaoze/Desktop/user_folders/Xiaoze/FRET-FISH/iAM788_20220623_001/a488fret_025.tif,/home/xiaoze/Desktop/user_folders/Xiaoze/FRET-FISH/iAM788_20220623_001/Cy5_025.tif,317,908,27,317,908,24,a488,4196,2435,6964,3117,4
74,025.NM,4,6,/home/xiaoze/Desktop/user_folders/Xiaoze/FRET-FISH/iAM788_20220623_001/a488_025.tif,/home/xiaoze/Desktop/user_folders/Xiaoze/FRET-FISH/iAM788_20220623_001/a594_025.tif,/home/xiaoze/Desktop/user_folders/Xiaoze/FRET-FISH/iAM788_20220623_001/a488fret_025.tif,/home/xiaoze/Desktop/user_folders/Xiaoze/FRET-FISH/iAM788_20220623_001/Cy5_025.tif,273,904,29,272,904,26,a488,4741,2579,10403,7492,5
74,025.NM,4,6,/home/xiaoze/Desktop/user_folders/Xiaoze/FRET-FISH/iAM788_20220623_001/a488_025.tif,/home/xiaoze/Desktop/user_folders/Xiaoze/FRET-FISH/iAM788_20220623_001/a594_025.tif,/home/xiaoze/Desktop/user_folders/Xiaoze/FRET-FISH/iAM788_20220623_001/a488fret_025.tif,/home/xiaoze/Desktop/user_folders/Xiaoze/FRET-FISH/iAM788_20220623_001/Cy5_025.tif,275,926,34,275,927,31,a488,4566,2774,6025,4619,6
86,028.NM,3,6,/home/xiaoze/Desktop/user_folders/Xiaoze/FRET-FISH/iAM788_20220623_001/a488_028.tif,/home/xiaoze/Desktop/user_folders/Xiaoze/FRET-FISH/iAM788_20220623_001/a594_028.tif,/home/xiaoze/Desktop/user_folders/Xiaoze/FRET-FISH/iAM788_20220623_001/a488fret_028.tif,/home/xiaoze/Desktop/user_folders/Xiaoze/FRET-FISH/iAM788_20220623_001/Cy5_028.tif,359,789,28,356,791,30,a488,3003,1733,4037,3223,1
86,028.NM,3,6,/home/xiaoze/Desktop/user_folders/Xiaoze/FRET-FISH/iAM788_20220623_001/a488_028.tif,/home/xiaoze/Desktop/user_folders/Xiaoze/FRET-FISH/iAM788_20220623_001/a594_028.tif,/home/xiaoze/Desktop/user_folders/Xiaoze/FRET-FISH/iAM788_20220623_001/a488fret_028.tif,/home/xiaoze/Desktop/user_folders/Xiaoze/FRET-FISH/iAM788_20220623_001/Cy5_028.tif,398,806,30,402,806,32,a488,3178,1855,3935,3139,2
86,028.NM,3,6,/home/xiaoze/Desktop/user_folders/Xiaoze/FRET-FISH/iAM788_20220623_001/a488_028.tif,/home/xiaoze/Desktop/user_folders/Xiaoze/FRET-FISH/iAM788_20220623_001/a594_028.tif,/home/xiaoze/Desktop/user_folders/Xiaoze/FRET-FISH/iAM788_20220623_001/a488fret_028.tif,/home/xiaoze/Desktop/user_folders/Xiaoze/FRET-FISH/iAM788_20220623_001/Cy5_028.tif,353,839,24,349,840,22,a488,2609,1901,8708,7044,3
86,028.NM,3,6,/home/xiaoze/Desktop/user_folders/Xiaoze/FRET-FISH/iAM788_20220623_001/a488_028.tif,/home/xiaoze/Desktop/user_folders/Xiaoze/FRET-FISH/iAM788_20220623_001/a594_028.tif,/home/xiaoze/Desktop/user_folders/Xiaoze/FRET-FISH/iAM788_20220623_001/a488fret_028.tif,/home/xiaoze/Desktop/user_folders/Xiaoze/FRET-FISH/iAM788_20220623_001/Cy5_028.tif,362,809,37,360,815,37,a488,3794,1764,3910,3260,4
86,028.NM,3,6,/home/xiaoze/Desktop/user_folders/Xiaoze/FRET-FISH/iAM788_20220623_001/a488_028.tif,/home/xiaoze/Desktop/user_folders/Xiaoze/FRET-FISH/iAM788_20220623_001/a594_028.tif,/home/xiaoze/Desktop/user_folders/Xiaoze/FRET-FISH/iAM788_20220623_001/a488fret_028.tif,/home/xiaoze/Desktop/user_folders/Xiaoze/FRET-FISH/iAM788_20220623_001/Cy5_028.tif,429,774,24,432,778,22,a488,2963,2089,8677,12357,5
86,028.NM,3,6,/home/xiaoze/Desktop/user_folders/Xiaoze/FRET-FISH/iAM788_20220623_001/a488_028.tif,/home/xiaoze/Desktop/user_folders/Xiaoze/FRET-FISH/iAM788_20220623_001/a594_028.tif,/home/xiaoze/Desktop/user_folders/Xiaoze/FRET-FISH/iAM788_20220623_001/a488fret_028.tif,/home/xiaoze/Desktop/user_folders/Xiaoze/FRET-FISH/iAM788_20220623_001/Cy5_028.tif,382,799,37,381,799,34,a488,4257,1740,4199,3624,6
90,029.NM,3,5,/home/xiaoze/Desktop/user_folders/Xiaoze/FRET-FISH/iAM788_20220623_001/a488_029.tif,/home/xiaoze/Desktop/user_folders/Xiaoze/FRET-FISH/iAM788_20220623_001/a594_029.tif,/home/xiaoze/Desktop/user_folders/Xiaoze/FRET-FISH/iAM788_20220623_001/a488fret_029.tif,/home/xiaoze/Desktop/user_folders/Xiaoze/FRET-FISH/iAM788_20220623_001/Cy5_029.tif,142,582,32,143,581,30,a488,2881,1789,4969,3003,1
90,029.NM,3,5,/home/xiaoze/Desktop/user_folders/Xiaoze/FRET-FISH/iAM788_20220623_001/a488_029.tif,/home/xiaoze/Desktop/user_folders/Xiaoze/FRET-FISH/iAM788_20220623_001/a594_029.tif,/home/xiaoze/Desktop/user_folders/Xiaoze/FRET-FISH/iAM788_20220623_001/a488fret_029.tif,/home/xiaoze/Desktop/user_folders/Xiaoze/FRET-FISH/iAM788_20220623_001/Cy5_029.tif,117,560,27,114,558,25,a488,2996,1898,10089,3148,2
90,029.NM,3,5,/home/xiaoze/Desktop/user_folders/Xiaoze/FRET-FISH/iAM788_20220623_001/a488_029.tif,/home/xiaoze/Desktop/user_folders/Xiaoze/FRET-FISH/iAM788_20220623_001/a594_029.tif,/home/xiaoze/Desktop/user_folders/Xiaoze/FRET-FISH/iAM788_20220623_001/a488fret_029.tif,/home/xiaoze/Desktop/user_folders/Xiaoze/FRET-FISH/iAM788_20220623_001/Cy5_029.tif,159,569,28,162,566,26,a488,3191,1921,8615,3256,3
90,029.NM,3,5,/home/xiaoze/Desktop/user_folders/Xiaoze/FRET-FISH/iAM788_20220623_001/a488_029.tif,/home/xiaoze/Desktop/user_folders/Xiaoze/FRET-FISH/iAM788_20220623_001/a594_029.tif,/home/xiaoze/Desktop/user_folders/Xiaoze/FRET-FISH/iAM788_20220623_001/a488fret_029.tif,/home/xiaoze/Desktop/user_folders/Xiaoze/FRET-FISH/iAM788_20220623_001/Cy5_029.tif,115,626,34,114,621,32,a488,11149,2584,19254,17442,4
90,029.NM,3,5,/home/xiaoze/Desktop/user_folders/Xiaoze/FRET-FISH/iAM788_20220623_001/a488_029.tif,/home/xiaoze/Desktop/user_folders/Xiaoze/FRET-FISH/iAM788_20220623_001/a594_029.tif,/home/xiaoze/Desktop/user_folders/Xiaoze/FRET-FISH/iAM788_20220623_001/a488fret_029.tif,/home/xiaoze/Desktop/user_folders/Xiaoze/FRET-FISH/iAM788_20220623_001/Cy5_029.tif,142,559,24,143,559,27,a488,3182,1936,4577,3020,5
92,029.NM,5,6,/home/xiaoze/Desktop/user_folders/Xiaoze/FRET-FISH/iAM788_20220623_001/a488_029.tif,/home/xiaoze/Desktop/user_folders/Xiaoze/FRET-FISH/iAM788_20220623_001/a594_029.tif,/home/xiaoze/Desktop/user_folders/Xiaoze/FRET-FISH/iAM788_20220623_001/a488fret_029.tif,/home/xiaoze/Desktop/user_folders/Xiaoze/FRET-FISH/iAM788_20220623_001/Cy5_029.tif,452,887,25,454,890,26,a488,3546,2439,4495,2937,1
92,029.NM,5,6,/home/xiaoze/Desktop/user_folders/Xiaoze/FRET-FISH/iAM788_20220623_001/a488_029.tif,/home/xiaoze/Desktop/user_folders/Xiaoze/FRET-FISH/iAM788_20220623_001/a594_029.tif,/home/xiaoze/Desktop/user_folders/Xiaoze/FRET-FISH/iAM788_20220623_001/a488fret_029.tif,/home/xiaoze/Desktop/user_folders/Xiaoze/FRET-FISH/iAM788_20220623_001/Cy5_029.tif,424,864,31,426,868,31,a488,3332,1954,4383,3260,2
92,029.NM,5,6,/home/xiaoze/Desktop/user_folders/Xiaoze/FRET-FISH/iAM788_20220623_001/a488_029.tif,/home/xiaoze/Desktop/user_folders/Xiaoze/FRET-FISH/iAM788_20220623_001/a594_029.tif,/home/xiaoze/Desktop/user_folders/Xiaoze/FRET-FISH/iAM788_20220623_001/a488fret_029.tif,/home/xiaoze/Desktop/user_folders/Xiaoze/FRET-FISH/iAM788_20220623_001/Cy5_029.tif,426,877,20,428,876,22,a488,4033,4141,4367,3075,3
92,029.NM,5,6,/home/xiaoze/Desktop/user_folders/Xiaoze/FRET-FISH/iAM788_20220623_001/a488_029.tif,/home/xiaoze/Desktop/user_folders/Xiaoze/FRET-FISH/iAM788_20220623_001/a594_029.tif,/home/xiaoze/Desktop/user_folders/Xiaoze/FRET-FISH/iAM788_20220623_001/a488fret_029.tif,/home/xiaoze/Desktop/user_folders/Xiaoze/FRET-FISH/iAM788_20220623_001/Cy5_029.tif,386,860,22,386,863,20,a488,2881,1996,8225,2813,4
92,029.NM,5,6,/home/xiaoze/Desktop/user_folders/Xiaoze/FRET-FISH/iAM788_20220623_001/a488_029.tif,/home/xiaoze/Desktop/user_folders/Xiaoze/FRET-FISH/iAM788_20220623_001/a594_029.tif,/home/xiaoze/Desktop/user_folders/Xiaoze/FRET-FISH/iAM788_20220623_001/a488fret_029.tif,/home/xiaoze/Desktop/user_folders/Xiaoze/FRET-FISH/iAM788_20220623_001/Cy5_029.tif,442,868,24,445,869,26,a488,4307,8517,8573,3134,5
92,029.NM,5,6,/home/xiaoze/Desktop/user_folders/Xiaoze/FRET-FISH/iAM788_20220623_001/a488_029.tif,/home/xiaoze/Desktop/user_folders/Xiaoze/FRET-FISH/iAM788_20220623_001/a594_029.tif,/home/xiaoze/Desktop/user_folders/Xiaoze/FRET-FISH/iAM788_20220623_001/a488fret_029.tif,/home/xiaoze/Desktop/user_folders/Xiaoze/FRET-FISH/iAM788_20220623_001/Cy5_029.tif,398,867,31,403,863,30,a488,3691,2830,5888,3247,6
97,030.NM,5,4,/home/xiaoze/Desktop/user_folders/Xiaoze/FRET-FISH/iAM788_20220623_001/a488_030.tif,/home/xiaoze/Desktop/user_folders/Xiaoze/FRET-FISH/iAM788_20220623_001/a594_030.tif,/home/xiaoze/Desktop/user_folders/Xiaoze/FRET-FISH/iAM788_20220623_001/a488fret_030.tif,/home/xiaoze/Desktop/user_folders/Xiaoze/FRET-FISH/iAM788_20220623_001/Cy5_030.tif,124,837,23,124,839,22,a488,3381,3420,4787,8051,1
97,030.NM,5,4,/home/xiaoze/Desktop/user_folders/Xiaoze/FRET-FISH/iAM788_20220623_001/a488_030.tif,/home/xiaoze/Desktop/user_folders/Xiaoze/FRET-FISH/iAM788_20220623_001/a594_030.tif,/home/xiaoze/Desktop/user_folders/Xiaoze/FRET-FISH/iAM788_20220623_001/a488fret_030.tif,/home/xiaoze/Desktop/user_folders/Xiaoze/FRET-FISH/iAM788_20220623_001/Cy5_030.tif,103,868,19,103,867,21,a488,3097,2370,4626,3030,2
97,030.NM,5,4,/home/xiaoze/Desktop/user_folders/Xiaoze/FRET-FISH/iAM788_20220623_001/a488_030.tif,/home/xiaoze/Desktop/user_folders/Xiaoze/FRET-FISH/iAM788_20220623_001/a594_030.tif,/home/xiaoze/Desktop/user_folders/Xiaoze/FRET-FISH/iAM788_20220623_001/a488fret_030.tif,/home/xiaoze/Desktop/user_folders/Xiaoze/FRET-FISH/iAM788_20220623_001/Cy5_030.tif,147,894,21,146,896,23,a488,2968,2294,7113,2676,3
97,030.NM,5,4,/home/xiaoze/Desktop/user_folders/Xiaoze/FRET-FISH/iAM788_20220623_001/a488_030.tif,/home/xiaoze/Desktop/user_folders/Xiaoze/FRET-FISH/iAM788_20220623_001/a594_030.tif,/home/xiaoze/Desktop/user_folders/Xiaoze/FRET-FISH/iAM788_20220623_001/a488fret_030.tif,/home/xiaoze/Desktop/user_folders/Xiaoze/FRET-FISH/iAM788_20220623_001/Cy5_030.tif,122,901,26,123,898,24,a488,2930,2870,5915,2738,4
111,035.NM,1,5,/home/xiaoze/Desktop/user_folders/Xiaoze/FRET-FISH/iAM788_20220623_001/a488_035.tif,/home/xiaoze/Desktop/user_folders/Xiaoze/FRET-FISH/iAM788_20220623_001/a594_035.tif,/home/xiaoze/Desktop/user_folders/Xiaoze/FRET-FISH/iAM788_20220623_001/a488fret_035.tif,/home/xiaoze/Desktop/user_folders/Xiaoze/FRET-FISH/iAM788_20220623_001/Cy5_035.tif,118,228,32,116,226,30,a488,3530,1960,4877,2965,1
111,035.NM,1,5,/home/xiaoze/Desktop/user_folders/Xiaoze/FRET-FISH/iAM788_20220623_001/a488_035.tif,/home/xiaoze/Desktop/user_folders/Xiaoze/FRET-FISH/iAM788_20220623_001/a594_035.tif,/home/xiaoze/Desktop/user_folders/Xiaoze/FRET-FISH/iAM788_20220623_001/a488fret_035.tif,/home/xiaoze/Desktop/user_folders/Xiaoze/FRET-FISH/iAM788_20220623_001/Cy5_035.tif,135,218,21,132,218,23,a488,3123,2085,6637,2830,2
111,035.NM,1,5,/home/xiaoze/Desktop/user_folders/Xiaoze/FRET-FISH/iAM788_20220623_001/a488_035.tif,/home/xiaoze/Desktop/user_folders/Xiaoze/FRET-FISH/iAM788_20220623_001/a594_035.tif,/home/xiaoze/Desktop/user_folders/Xiaoze/FRET-FISH/iAM788_20220623_001/a488fret_035.tif,/home/xiaoze/Desktop/user_folders/Xiaoze/FRET-FISH/iAM788_20220623_001/Cy5_035.tif,129,166,25,126,164,27,a488,3133,1973,4606,2926,3
111,035.NM,1,5,/home/xiaoze/Desktop/user_folders/Xiaoze/FRET-FISH/iAM788_20220623_001/a488_035.tif,/home/xiaoze/Desktop/user_folders/Xiaoze/FRET-FISH/iAM788_20220623_001/a594_035.tif,/home/xiaoze/Desktop/user_folders/Xiaoze/FRET-FISH/iAM788_20220623_001/a488fret_035.tif,/home/xiaoze/Desktop/user_folders/Xiaoze/FRET-FISH/iAM788_20220623_001/Cy5_035.tif,143,234,25,147,230,26,a488,3435,2791,5117,2723,4
111,035.NM,1,5,/home/xiaoze/Desktop/user_folders/Xiaoze/FRET-FISH/iAM788_20220623_001/a488_035.tif,/home/xiaoze/Desktop/user_folders/Xiaoze/FRET-FISH/iAM788_20220623_001/a594_035.tif,/home/xiaoze/Desktop/user_folders/Xiaoze/FRET-FISH/iAM788_20220623_001/a488fret_035.tif,/home/xiaoze/Desktop/user_folders/Xiaoze/FRET-FISH/iAM788_20220623_001/Cy5_035.tif,155,207,27,154,202,25,a488,2988,2472,13786,3278,5
120,037.NM,3,5,/home/xiaoze/Desktop/user_folders/Xiaoze/FRET-FISH/iAM788_20220623_001/a488_037.tif,/home/xiaoze/Desktop/user_folders/Xiaoze/FRET-FISH/iAM788_20220623_001/a594_037.tif,/home/xiaoze/Desktop/user_folders/Xiaoze/FRET-FISH/iAM788_20220623_001/a488fret_037.tif,/home/xiaoze/Desktop/user_folders/Xiaoze/FRET-FISH/iAM788_20220623_001/Cy5_037.tif,415,649,23,414,649,25,a488,12252,2797,4382,5137,1
120,037.NM,3,5,/home/xiaoze/Desktop/user_folders/Xiaoze/FRET-FISH/iAM788_20220623_001/a488_037.tif,/home/xiaoze/Desktop/user_folders/Xiaoze/FRET-FISH/iAM788_20220623_001/a594_037.tif,/home/xiaoze/Desktop/user_folders/Xiaoze/FRET-FISH/iAM788_20220623_001/a488fret_037.tif,/home/xiaoze/Desktop/user_folders/Xiaoze/FRET-FISH/iAM788_20220623_001/Cy5_037.tif,403,597,31,404,597,29,a488,3214,1941,4218,3490,2
120,037.NM,3,5,/home/xiaoze/Desktop/user_folders/Xiaoze/FRET-FISH/iAM788_20220623_001/a488_037.tif,/home/xiaoze/Desktop/user_folders/Xiaoze/FRET-FISH/iAM788_20220623_001/a594_037.tif,/home/xiaoze/Desktop/user_folders/Xiaoze/FRET-FISH/iAM788_20220623_001/a488fret_037.tif,/home/xiaoze/Desktop/user_folders/Xiaoze/FRET-FISH/iAM788_20220623_001/Cy5_037.tif,413,610,25,414,613,23,a488,3382,2125,7633,4269,3
120,037.NM,3,5,/home/xiaoze/Desktop/user_folders/Xiaoze/FRET-FISH/iAM788_20220623_001/a488_037.tif,/home/xiaoze/Desktop/user_folders/Xiaoze/FRET-FISH/iAM788_20220623_001/a594_037.tif,/home/xiaoze/Desktop/user_folders/Xiaoze/FRET-FISH/iAM788_20220623_001/a488fret_037.tif,/home/xiaoze/Desktop/user_folders/Xiaoze/FRET-FISH/iAM788_20220623_001/Cy5_037.tif,390,597,24,385,596,26,a488,3507,5539,5137,3382,4
120,037.NM,3,5,/home/xiaoze/Desktop/user_folders/Xiaoze/FRET-FISH/iAM788_20220623_001/a488_037.tif,/home/xiaoze/Desktop/user_folders/Xiaoze/FRET-FISH/iAM788_20220623_001/a594_037.tif,/home/xiaoze/Desktop/user_folders/Xiaoze/FRET-FISH/iAM788_20220623_001/a488fret_037.tif,/home/xiaoze/Desktop/user_folders/Xiaoze/FRET-FISH/iAM788_20220623_001/Cy5_037.tif,385,573,27,385,573,30,a488,3598,3540,4224,3540,5
122,038.NM,1,4,/home/xiaoze/Desktop/user_folders/Xiaoze/FRET-FISH/iAM788_20220623_001/a488_038.tif,/home/xiaoze/Desktop/user_folders/Xiaoze/FRET-FISH/iAM788_20220623_001/a594_038.tif,/home/xiaoze/Desktop/user_folders/Xiaoze/FRET-FISH/iAM788_20220623_001/a488fret_038.tif,/home/xiaoze/Desktop/user_folders/Xiaoze/FRET-FISH/iAM788_20220623_001/Cy5_038.tif,325,234,28,325,233,29,a488,4324,2575,4998,3156,1
122,038.NM,1,4,/home/xiaoze/Desktop/user_folders/Xiaoze/FRET-FISH/iAM788_20220623_001/a488_038.tif,/home/xiaoze/Desktop/user_folders/Xiaoze/FRET-FISH/iAM788_20220623_001/a594_038.tif,/home/xiaoze/Desktop/user_folders/Xiaoze/FRET-FISH/iAM788_20220623_001/a488fret_038.tif,/home/xiaoze/Desktop/user_folders/Xiaoze/FRET-FISH/iAM788_20220623_001/Cy5_038.tif,297,202,29,299,196,30,a488,3961,4298,5676,8683,2
122,038.NM,1,4,/home/xiaoze/Desktop/user_folders/Xiaoze/FRET-FISH/iAM788_20220623_001/a488_038.tif,/home/xiaoze/Desktop/user_folders/Xiaoze/FRET-FISH/iAM788_20220623_001/a594_038.tif,/home/xiaoze/Desktop/user_folders/Xiaoze/FRET-FISH/iAM788_20220623_001/a488fret_038.tif,/home/xiaoze/Desktop/user_folders/Xiaoze/FRET-FISH/iAM788_20220623_001/Cy5_038.tif,292,248,22,297,248,24,a488,4430,5026,4608,3212,3
122,038.NM,1,4,/home/xiaoze/Desktop/user_folders/Xiaoze/FRET-FISH/iAM788_20220623_001/a488_038.tif,/home/xiaoze/Desktop/user_folders/Xiaoze/FRET-FISH/iAM788_20220623_001/a594_038.tif,/home/xiaoze/Desktop/user_folders/Xiaoze/FRET-FISH/iAM788_20220623_001/a488fret_038.tif,/home/xiaoze/Desktop/user_folders/Xiaoze/FRET-FISH/iAM788_20220623_001/Cy5_038.tif,292,224,21,297,225,23,a488,5274,9583,4662,5905,4
124,038.NM,3,5,/home/xiaoze/Desktop/user_folders/Xiaoze/FRET-FISH/iAM788_20220623_001/a488_038.tif,/home/xiaoze/Desktop/user_folders/Xiaoze/FRET-FISH/iAM788_20220623_001/a594_038.tif,/home/xiaoze/Desktop/user_folders/Xiaoze/FRET-FISH/iAM788_20220623_001/a488fret_038.tif,/home/xiaoze/Desktop/user_folders/Xiaoze/FRET-FISH/iAM788_20220623_001/Cy5_038.tif,811,577,26,807,579,24,a488,2853,1756,7334,5127,1
124,038.NM,3,5,/home/xiaoze/Desktop/user_folders/Xiaoze/FRET-FISH/iAM788_20220623_001/a488_038.tif,/home/xiaoze/Desktop/user_folders/Xiaoze/FRET-FISH/iAM788_20220623_001/a594_038.tif,/home/xiaoze/Desktop/user_folders/Xiaoze/FRET-FISH/iAM788_20220623_001/a488fret_038.tif,/home/xiaoze/Desktop/user_folders/Xiaoze/FRET-FISH/iAM788_20220623_001/Cy5_038.tif,807,605,20,811,603,22,a488,2922,2674,3928,2977,2
124,038.NM,3,5,/home/xiaoze/Desktop/user_folders/Xiaoze/FRET-FISH/iAM788_20220623_001/a488_038.tif,/home/xiaoze/Desktop/user_folders/Xiaoze/FRET-FISH/iAM788_20220623_001/a594_038.tif,/home/xiaoze/Desktop/user_folders/Xiaoze/FRET-FISH/iAM788_20220623_001/a488fret_038.tif,/home/xiaoze/Desktop/user_folders/Xiaoze/FRET-FISH/iAM788_20220623_001/Cy5_038.tif,842,617,25,836,614,25,a488,2648,2181,7154,9845,3
124,038.NM,3,5,/home/xiaoze/Desktop/user_folders/Xiaoze/FRET-FISH/iAM788_20220623_001/a488_038.tif,/home/xiaoze/Desktop/user_folders/Xiaoze/FRET-FISH/iAM788_20220623_001/a594_038.tif,/home/xiaoze/Desktop/user_folders/Xiaoze/FRET-FISH/iAM788_20220623_001/a488fret_038.tif,/home/xiaoze/Desktop/user_folders/Xiaoze/FRET-FISH/iAM788_20220623_001/Cy5_038.tif,821,590,21,826,586,22,a488,3161,3373,3513,2818,4
124,038.NM,3,5,/home/xiaoze/Desktop/user_folders/Xiaoze/FRET-FISH/iAM788_20220623_001/a488_038.tif,/home/xiaoze/Desktop/user_folders/Xiaoze/FRET-FISH/iAM788_20220623_001/a594_038.tif,/home/xiaoze/Desktop/user_folders/Xiaoze/FRET-FISH/iAM788_20220623_001/a488fret_038.tif,/home/xiaoze/Desktop/user_folders/Xiaoze/FRET-FISH/iAM788_20220623_001/Cy5_038.tif,848,585,22,848,585,25,a488,3025,4392,3589,2625,5
127,039.NM,2,6,/home/xiaoze/Desktop/user_folders/Xiaoze/FRET-FISH/iAM788_20220623_001/a488_039.tif,/home/xiaoze/Desktop/user_folders/Xiaoze/FRET-FISH/iAM788_20220623_001/a594_039.tif,/home/xiaoze/Desktop/user_folders/Xiaoze/FRET-FISH/iAM788_20220623_001/a488fret_039.tif,/home/xiaoze/Desktop/user_folders/Xiaoze/FRET-FISH/iAM788_20220623_001/Cy5_039.tif,60,662,21,58,664,20,a488,2967,2065,5075,3112,1
127,039.NM,2,6,/home/xiaoze/Desktop/user_folders/Xiaoze/FRET-FISH/iAM788_20220623_001/a488_039.tif,/home/xiaoze/Desktop/user_folders/Xiaoze/FRET-FISH/iAM788_20220623_001/a594_039.tif,/home/xiaoze/Desktop/user_folders/Xiaoze/FRET-FISH/iAM788_20220623_001/a488fret_039.tif,/home/xiaoze/Desktop/user_folders/Xiaoze/FRET-FISH/iAM788_20220623_001/Cy5_039.tif,81,636,29,82,636,31,a488,10857,3084,4985,5219,2
127,039.NM,2,6,/home/xiaoze/Desktop/user_folders/Xiaoze/FRET-FISH/iAM788_20220623_001/a488_039.tif,/home/xiaoze/Desktop/user_folders/Xiaoze/FRET-FISH/iAM788_20220623_001/a594_039.tif,/home/xiaoze/Desktop/user_folders/Xiaoze/FRET-FISH/iAM788_20220623_001/a488fret_039.tif,/home/xiaoze/Desktop/user_folders/Xiaoze/FRET-FISH/iAM788_20220623_001/Cy5_039.tif,43,707,23,42,703,22,a488,2884,1991,4804,3107,3
127,039.NM,2,6,/home/xiaoze/Desktop/user_folders/Xiaoze/FRET-FISH/iAM788_20220623_001/a488_039.tif,/home/xiaoze/Desktop/user_folders/Xiaoze/FRET-FISH/iAM788_20220623_001/a594_039.tif,/home/xiaoze/Desktop/user_folders/Xiaoze/FRET-FISH/iAM788_20220623_001/a488fret_039.tif,/home/xiaoze/Desktop/user_folders/Xiaoze/FRET-FISH/iAM788_20220623_001/Cy5_039.tif,72,637,18,70,638,20,a488,3201,2118,5663,3094,4
127,039.NM,2,6,/home/xiaoze/Desktop/user_folders/Xiaoze/FRET-FISH/iAM788_20220623_001/a488_039.tif,/home/xiaoze/Desktop/user_folders/Xiaoze/FRET-FISH/iAM788_20220623_001/a594_039.tif,/home/xiaoze/Desktop/user_folders/Xiaoze/FRET-FISH/iAM788_20220623_001/a488fret_039.tif,/home/xiaoze/Desktop/user_folders/Xiaoze/FRET-FISH/iAM788_20220623_001/Cy5_039.tif,64,689,23,61,694,23,a488,3440,4655,7095,5154,5
127,039.NM,2,6,/home/xiaoze/Desktop/user_folders/Xiaoze/FRET-FISH/iAM788_20220623_001/a488_039.tif,/home/xiaoze/Desktop/user_folders/Xiaoze/FRET-FISH/iAM788_20220623_001/a594_039.tif,/home/xiaoze/Desktop/user_folders/Xiaoze/FRET-FISH/iAM788_20220623_001/a488fret_039.tif,/home/xiaoze/Desktop/user_folders/Xiaoze/FRET-FISH/iAM788_20220623_001/Cy5_039.tif,94,621,27,92,625,25,a488,2939,2559,9926,2933,6
128,039.NM,3,5,/home/xiaoze/Desktop/user_folders/Xiaoze/FRET-FISH/iAM788_20220623_001/a488_039.tif,/home/xiaoze/Desktop/user_folders/Xiaoze/FRET-FISH/iAM788_20220623_001/a594_039.tif,/home/xiaoze/Desktop/user_folders/Xiaoze/FRET-FISH/iAM788_20220623_001/a488fret_039.tif,/home/xiaoze/Desktop/user_folders/Xiaoze/FRET-FISH/iAM788_20220623_001/Cy5_039.tif,360,774,25,361,775,27,a488,8793,2474,6097,4950,1
128,039.NM,3,5,/home/xiaoze/Desktop/user_folders/Xiaoze/FRET-FISH/iAM788_20220623_001/a488_039.tif,/home/xiaoze/Desktop/user_folders/Xiaoze/FRET-FISH/iAM788_20220623_001/a594_039.tif,/home/xiaoze/Desktop/user_folders/Xiaoze/FRET-FISH/iAM788_20220623_001/a488fret_039.tif,/home/xiaoze/Desktop/user_folders/Xiaoze/FRET-FISH/iAM788_20220623_001/Cy5_039.tif,315,815,31,315,820,33,a488,4485,4588,5283,9758,2
128,039.NM,3,5,/home/xiaoze/Desktop/user_folders/Xiaoze/FRET-FISH/iAM788_20220623_001/a488_039.tif,/home/xiaoze/Desktop/user_folders/Xiaoze/FRET-FISH/iAM788_20220623_001/a594_039.tif,/home/xiaoze/Desktop/user_folders/Xiaoze/FRET-FISH/iAM788_20220623_001/a488fret_039.tif,/home/xiaoze/Desktop/user_folders/Xiaoze/FRET-FISH/iAM788_20220623_001/Cy5_039.tif,336,829,23,336,828,26,a488,3986,3791,5057,3473,3
128,039.NM,3,5,/home/xiaoze/Desktop/user_folders/Xiaoze/FRET-FISH/iAM788_20220623_001/a488_039.tif,/home/xiaoze/Desktop/user_folders/Xiaoze/FRET-FISH/iAM788_20220623_001/a594_039.tif,/home/xiaoze/Desktop/user_folders/Xiaoze/FRET-FISH/iAM788_20220623_001/a488fret_039.tif,/home/xiaoze/Desktop/user_folders/Xiaoze/FRET-FISH/iAM788_20220623_001/Cy5_039.tif,346,811,25,347,811,22,a488,3545,2289,6069,3593,4
128,039.NM,3,5,/home/xiaoze/Desktop/user_folders/Xiaoze/FRET-FISH/iAM788_20220623_001/a488_039.tif,/home/xiaoze/Desktop/user_folders/Xiaoze/FRET-FISH/iAM788_20220623_001/a594_039.tif,/home/xiaoze/Desktop/user_folders/Xiaoze/FRET-FISH/iAM788_20220623_001/a488fret_039.tif,/home/xiaoze/Desktop/user_folders/Xiaoze/FRET-FISH/iAM788_20220623_001/Cy5_039.tif,336,832,33,337,832,36,a488,4239,2232,4984,3640,5
131,040.NM,2,6,/home/xiaoze/Desktop/user_folders/Xiaoze/FRET-FISH/iAM788_20220623_001/a488_040.tif,/home/xiaoze/Desktop/user_folders/Xiaoze/FRET-FISH/iAM788_20220623_001/a594_040.tif,/home/xiaoze/Desktop/user_folders/Xiaoze/FRET-FISH/iAM788_20220623_001/a488fret_040.tif,/home/xiaoze/Desktop/user_folders/Xiaoze/FRET-FISH/iAM788_20220623_001/Cy5_040.tif,608,777,27,608,778,28,a488,3213,3054,5429,2785,1
131,040.NM,2,6,/home/xiaoze/Desktop/user_folders/Xiaoze/FRET-FISH/iAM788_20220623_001/a488_040.tif,/home/xiaoze/Desktop/user_folders/Xiaoze/FRET-FISH/iAM788_20220623_001/a594_040.tif,/home/xiaoze/Desktop/user_folders/Xiaoze/FRET-FISH/iAM788_20220623_001/a488fret_040.tif,/home/xiaoze/Desktop/user_folders/Xiaoze/FRET-FISH/iAM788_20220623_001/Cy5_040.tif,502,746,20,502,747,22,a488,10901,2644,5734,5039,2
131,040.NM,2,6,/home/xiaoze/Desktop/user_folders/Xiaoze/FRET-FISH/iAM788_20220623_001/a488_040.tif,/home/xiaoze/Desktop/user_folders/Xiaoze/FRET-FISH/iAM788_20220623_001/a594_040.tif,/home/xiaoze/Desktop/user_folders/Xiaoze/FRET-FISH/iAM788_20220623_001/a488fret_040.tif,/home/xiaoze/Desktop/user_folders/Xiaoze/FRET-FISH/iAM788_20220623_001/Cy5_040.tif,561,743,27,563,744,25,a488,2902,2231,5484,3175,3
131,040.NM,2,6,/home/xiaoze/Desktop/user_folders/Xiaoze/FRET-FISH/iAM788_20220623_001/a488_040.tif,/home/xiaoze/Desktop/user_folders/Xiaoze/FRET-FISH/iAM788_20220623_001/a594_040.tif,/home/xiaoze/Desktop/user_folders/Xiaoze/FRET-FISH/iAM788_20220623_001/a488fret_040.tif,/home/xiaoze/Desktop/user_folders/Xiaoze/FRET-FISH/iAM788_20220623_001/Cy5_040.tif,593,762,22,597,761,24,a488,4942,11945,5137,3308,4
131,040.NM,2,6,/home/xiaoze/Desktop/user_folders/Xiaoze/FRET-FISH/iAM788_20220623_001/a488_040.tif,/home/xiaoze/Desktop/user_folders/Xiaoze/FRET-FISH/iAM788_20220623_001/a594_040.tif,/home/xiaoze/Desktop/user_folders/Xiaoze/FRET-FISH/iAM788_20220623_001/a488fret_040.tif,/home/xiaoze/Desktop/user_folders/Xiaoze/FRET-FISH/iAM788_20220623_001/Cy5_040.tif,600,743,21,606,744,20,a488,3359,3966,9803,2955,5
131,040.NM,2,6,/home/xiaoze/Desktop/user_folders/Xiaoze/FRET-FISH/iAM788_20220623_001/a488_040.tif,/home/xiaoze/Desktop/user_folders/Xiaoze/FRET-FISH/iAM788_20220623_001/a594_040.tif,/home/xiaoze/Desktop/user_folders/Xiaoze/FRET-FISH/iAM788_20220623_001/a488fret_040.tif,/home/xiaoze/Desktop/user_folders/Xiaoze/FRET-FISH/iAM788_20220623_001/Cy5_040.tif,587,745,31,593,747,30,a488,3116,2456,5082,2936,6
132,041.NM,1,6,/home/xiaoze/Desktop/user_folders/Xiaoze/FRET-FISH/iAM788_20220623_001/a488_041.tif,/home/xiaoze/Desktop/user_folders/Xiaoze/FRET-FISH/iAM788_20220623_001/a594_041.tif,/home/xiaoze/Desktop/user_folders/Xiaoze/FRET-FISH/iAM788_20220623_001/a488fret_041.tif,/home/xiaoze/Desktop/user_folders/Xiaoze/FRET-FISH/iAM788_20220623_001/Cy5_041.tif,378,164,27,378,163,28,a488,3803,3326,6467,3023,1
132,041.NM,1,6,/home/xiaoze/Desktop/user_folders/Xiaoze/FRET-FISH/iAM788_20220623_001/a488_041.tif,/home/xiaoze/Desktop/user_folders/Xiaoze/FRET-FISH/iAM788_20220623_001/a594_041.tif,/home/xiaoze/Desktop/user_folders/Xiaoze/FRET-FISH/iAM788_20220623_001/a488fret_041.tif,/home/xiaoze/Desktop/user_folders/Xiaoze/FRET-FISH/iAM788_20220623_001/Cy5_041.tif,319,129,29,318,129,27,a488,3352,2184,5531,3061,2
132,041.NM,1,6,/home/xiaoze/Desktop/user_folders/Xiaoze/FRET-FISH/iAM788_20220623_001/a488_041.tif,/home/xiaoze/Desktop/user_folders/Xiaoze/FRET-FISH/iAM788_20220623_001/a594_041.tif,/home/xiaoze/Desktop/user_folders/Xiaoze/FRET-FISH/iAM788_20220623_001/a488fret_041.tif,/home/xiaoze/Desktop/user_folders/Xiaoze/FRET-FISH/iAM788_20220623_001/Cy5_041.tif,364,141,22,369,142,23,a488,3375,2272,4840,3246,3
132,041.NM,1,6,/home/xiaoze/Desktop/user_folders/Xiaoze/FRET-FISH/iAM788_20220623_001/a488_041.tif,/home/xiaoze/Desktop/user_folders/Xiaoze/FRET-FISH/iAM788_20220623_001/a594_041.tif,/home/xiaoze/Desktop/user_folders/Xiaoze/FRET-FISH/iAM788_20220623_001/a488fret_041.tif,/home/xiaoze/Desktop/user_folders/Xiaoze/FRET-FISH/iAM788_20220623_001/Cy5_041.tif,357,145,32,357,141,30,a488,3513,2151,6455,3271,4
132,041.NM,1,6,/home/xiaoze/Desktop/user_folders/Xiaoze/FRET-FISH/iAM788_20220623_001/a488_041.tif,/home/xiaoze/Desktop/user_folders/Xiaoze/FRET-FISH/iAM788_20220623_001/a594_041.tif,/home/xiaoze/Desktop/user_folders/Xiaoze/FRET-FISH/iAM788_20220623_001/a488fret_041.tif,/home/xiaoze/Desktop/user_folders/Xiaoze/FRET-FISH/iAM788_20220623_001/Cy5_041.tif,355,176,22,352,179,24,a488,3406,2167,9216,3164,5
132,041.NM,1,6,/home/xiaoze/Desktop/user_folders/Xiaoze/FRET-FISH/iAM788_20220623_001/a488_041.tif,/home/xiaoze/Desktop/user_folders/Xiaoze/FRET-FISH/iAM788_20220623_001/a594_041.tif,/home/xiaoze/Desktop/user_folders/Xiaoze/FRET-FISH/iAM788_20220623_001/a488fret_041.tif,/home/xiaoze/Desktop/user_folders/Xiaoze/FRET-FISH/iAM788_20220623_001/Cy5_041.tif,344,138,26,338,136,25,a488,3608,2159,8724,3725,6
133,041.NM,2,4,/home/xiaoze/Desktop/user_folders/Xiaoze/FRET-FISH/iAM788_20220623_001/a488_041.tif,/home/xiaoze/Desktop/user_folders/Xiaoze/FRET-FISH/iAM788_20220623_001/a594_041.tif,/home/xiaoze/Desktop/user_folders/Xiaoze/FRET-FISH/iAM788_20220623_001/a488fret_041.tif,/home/xiaoze/Desktop/user_folders/Xiaoze/FRET-FISH/iAM788_20220623_001/Cy5_041.tif,613,339,25,614,337,26,a488,3724,4427,4574,3007,1
133,041.NM,2,4,/home/xiaoze/Desktop/user_folders/Xiaoze/FRET-FISH/iAM788_20220623_001/a488_041.tif,/home/xiaoze/Desktop/user_folders/Xiaoze/FRET-FISH/iAM788_20220623_001/a594_041.tif,/home/xiaoze/Desktop/user_folders/Xiaoze/FRET-FISH/iAM788_20220623_001/a488fret_041.tif,/home/xiaoze/Desktop/user_folders/Xiaoze/FRET-FISH/iAM788_20220623_001/Cy5_041.tif,593,328,32,589,323,31,a488,3585,2261,5800,3323,2
133,041.NM,2,4,/home/xiaoze/Desktop/user_folders/Xiaoze/FRET-FISH/iAM788_20220623_001/a488_041.tif,/home/xiaoze/Desktop/user_folders/Xiaoze/FRET-FISH/iAM788_20220623_001/a594_041.tif,/home/xiaoze/Desktop/user_folders/Xiaoze/FRET-FISH/iAM788_20220623_001/a488fret_041.tif,/home/xiaoze/Desktop/user_folders/Xiaoze/FRET-FISH/iAM788_20220623_001/Cy5_041.tif,576,330,26,571,329,24,a488,3186,2154,10599,10131,3
133,041.NM,2,4,/home/xiaoze/Desktop/user_folders/Xiaoze/FRET-FISH/iAM788_20220623_001/a488_041.tif,/home/xiaoze/Desktop/user_folders/Xiaoze/FRET-FISH/iAM788_20220623_001/a594_041.tif,/home/xiaoze/Desktop/user_folders/Xiaoze/FRET-FISH/iAM788_20220623_001/a488fret_041.tif,/home/xiaoze/Desktop/user_folders/Xiaoze/FRET-FISH/iAM788_20220623_001/Cy5_041.tif,608,358,28,608,357,25,a488,3545,3814,4731,3323,4
134,041.NM,3,6,/home/xiaoze/Desktop/user_folders/Xiaoze/FRET-FISH/iAM788_20220623_001/a488_041.tif,/home/xiaoze/Desktop/user_folders/Xiaoze/FRET-FISH/iAM788_20220623_001/a594_041.tif,/home/xiaoze/Desktop/user_folders/Xiaoze/FRET-FISH/iAM788_20220623_001/a488fret_041.tif,/home/xiaoze/Desktop/user_folders/Xiaoze/FRET-FISH/iAM788_20220623_001/Cy5_041.tif,288,642,28,286,638,28,a488,4474,2286,5021,3701,1
134,041.NM,3,6,/home/xiaoze/Desktop/user_folders/Xiaoze/FRET-FISH/iAM788_20220623_001/a488_041.tif,/home/xiaoze/Desktop/user_folders/Xiaoze/FRET-FISH/iAM788_20220623_001/a594_041.tif,/home/xiaoze/Desktop/user_folders/Xiaoze/FRET-FISH/iAM788_20220623_001/a488fret_041.tif,/home/xiaoze/Desktop/user_folders/Xiaoze/FRET-FISH/iAM788_20220623_001/Cy5_041.tif,317,663,23,320,668,22,a488,3464,2294,5412,3005,2
134,041.NM,3,6,/home/xiaoze/Desktop/user_folders/Xiaoze/FRET-FISH/iAM788_20220623_001/a488_041.tif,/home/xiaoze/Desktop/user_folders/Xiaoze/FRET-FISH/iAM788_20220623_001/a594_041.tif,/home/xiaoze/Desktop/user_folders/Xiaoze/FRET-FISH/iAM788_20220623_001/a488fret_041.tif,/home/xiaoze/Desktop/user_folders/Xiaoze/FRET-FISH/iAM788_20220623_001/Cy5_041.tif,322,644,31,318,646,29,a488,3797,2349,14514,3676,3
134,041.NM,3,6,/home/xiaoze/Desktop/user_folders/Xiaoze/FRET-FISH/iAM788_20220623_001/a488_041.tif,/home/xiaoze/Desktop/user_folders/Xiaoze/FRET-FISH/iAM788_20220623_001/a594_041.tif,/home/xiaoze/Desktop/user_folders/Xiaoze/FRET-FISH/iAM788_20220623_001/a488fret_041.tif,/home/xiaoze/Desktop/user_folders/Xiaoze/FRET-FISH/iAM788_20220623_001/Cy5_041.tif,262,682,24,260,676,23,a488,3673,3460,9219,3081,4
134,041.NM,3,6,/home/xiaoze/Desktop/user_folders/Xiaoze/FRET-FISH/iAM788_20220623_001/a488_041.tif,/home/xiaoze/Desktop/user_folders/Xiaoze/FRET-FISH/iAM788_20220623_001/a594_041.tif,/home/xiaoze/Desktop/user_folders/Xiaoze/FRET-FISH/iAM788_20220623_001/a488fret_041.tif,/home/xiaoze/Desktop/user_folders/Xiaoze/FRET-FISH/iAM788_20220623_001/Cy5_041.tif,302,651,34,299,655,36,a488,5155,2189,5266,3996,5
134,041.NM,3,6,/home/xiaoze/Desktop/user_folders/Xiaoze/FRET-FISH/iAM788_20220623_001/a488_041.tif,/home/xiaoze/Desktop/user_folders/Xiaoze/FRET-FISH/iAM788_20220623_001/a594_041.tif,/home/xiaoze/Desktop/user_folders/Xiaoze/FRET-FISH/iAM788_20220623_001/a488fret_041.tif,/home/xiaoze/Desktop/user_folders/Xiaoze/FRET-FISH/iAM788_20220623_001/Cy5_041.tif,266,652,34,271,648,35,a488,4607,2130,5286,3729,6
135,041.NM,4,4,/home/xiaoze/Desktop/user_folders/Xiaoze/FRET-FISH/iAM788_20220623_001/a488_041.tif,/home/xiaoze/Desktop/user_folders/Xiaoze/FRET-FISH/iAM788_20220623_001/a594_041.tif,/home/xiaoze/Desktop/user_folders/Xiaoze/FRET-FISH/iAM788_20220623_001/a488fret_041.tif,/home/xiaoze/Desktop/user_folders/Xiaoze/FRET-FISH/iAM788_20220623_001/Cy5_041.tif,635,814,22,635,814,23,a488,9148,2517,5271,4549,1
135,041.NM,4,4,/home/xiaoze/Desktop/user_folders/Xiaoze/FRET-FISH/iAM788_20220623_001/a488_041.tif,/home/xiaoze/Desktop/user_folders/Xiaoze/FRET-FISH/iAM788_20220623_001/a594_041.tif,/home/xiaoze/Desktop/user_folders/Xiaoze/FRET-FISH/iAM788_20220623_001/a488fret_041.tif,/home/xiaoze/Desktop/user_folders/Xiaoze/FRET-FISH/iAM788_20220623_001/Cy5_041.tif,690,832,32,693,836,30,a488,4219,2495,6437,3581,2
135,041.NM,4,4,/home/xiaoze/Desktop/user_folders/Xiaoze/FRET-FISH/iAM788_20220623_001/a488_041.tif,/home/xiaoze/Desktop/user_folders/Xiaoze/FRET-FISH/iAM788_20220623_001/a594_041.tif,/home/xiaoze/Desktop/user_folders/Xiaoze/FRET-FISH/iAM788_20220623_001/a488fret_041.tif,/home/xiaoze/Desktop/user_folders/Xiaoze/FRET-FISH/iAM788_20220623_001/Cy5_041.tif,708,818,28,709,818,25,a488,3950,2324,9826,3520,3
135,041.NM,4,4,/home/xiaoze/Desktop/user_folders/Xiaoze/FRET-FISH/iAM788_20220623_001/a488_041.tif,/home/xiaoze/Desktop/user_folders/Xiaoze/FRET-FISH/iAM788_20220623_001/a594_041.tif,/home/xiaoze/Desktop/user_folders/Xiaoze/FRET-FISH/iAM788_20220623_001/a488fret_041.tif,/home/xiaoze/Desktop/user_folders/Xiaoze/FRET-FISH/iAM788_20220623_001/Cy5_041.tif,665,786,30,665,787,27,a488,4186,2343,9121,3359,4
137,042.NM,2,6,/home/xiaoze/Desktop/user_folders/Xiaoze/FRET-FISH/iAM788_20220623_001/a488_042.tif,/home/xiaoze/Desktop/user_folders/Xiaoze/FRET-FISH/iAM788_20220623_001/a594_042.tif,/home/xiaoze/Desktop/user_folders/Xiaoze/FRET-FISH/iAM788_20220623_001/a488fret_042.tif,/home/xiaoze/Desktop/user_folders/Xiaoze/FRET-FISH/iAM788_20220623_001/Cy5_042.tif,312,664,22,315,668,23,a488,2632,1787,12229,4873,1
137,042.NM,2,6,/home/xiaoze/Desktop/user_folders/Xiaoze/FRET-FISH/iAM788_20220623_001/a488_042.tif,/home/xiaoze/Desktop/user_folders/Xiaoze/FRET-FISH/iAM788_20220623_001/a594_042.tif,/home/xiaoze/Desktop/user_folders/Xiaoze/FRET-FISH/iAM788_20220623_001/a488fret_042.tif,/home/xiaoze/Desktop/user_folders/Xiaoze/FRET-FISH/iAM788_20220623_001/Cy5_042.tif,260,687,28,259,692,29,a488,2584,1704,4039,2874,2
137,042.NM,2,6,/home/xiaoze/Desktop/user_folders/Xiaoze/FRET-FISH/iAM788_20220623_001/a488_042.tif,/home/xiaoze/Desktop/user_folders/Xiaoze/FRET-FISH/iAM788_20220623_001/a594_042.tif,/home/xiaoze/Desktop/user_folders/Xiaoze/FRET-FISH/iAM788_20220623_001/a488fret_042.tif,/home/xiaoze/Desktop/user_folders/Xiaoze/FRET-FISH/iAM788_20220623_001/Cy5_042.tif,280,685,24,274,687,23,a488,2605,1789,4245,2843,3
137,042.NM,2,6,/home/xiaoze/Desktop/user_folders/Xiaoze/FRET-FISH/iAM788_20220623_001/a488_042.tif,/home/xiaoze/Desktop/user_folders/Xiaoze/FRET-FISH/iAM788_20220623_001/a594_042.tif,/home/xiaoze/Desktop/user_folders/Xiaoze/FRET-FISH/iAM788_20220623_001/a488fret_042.tif,/home/xiaoze/Desktop/user_folders/Xiaoze/FRET-FISH/iAM788_20220623_001/Cy5_042.tif,279,714,25,275,711,23,a488,2959,1834,4186,3283,4
137,042.NM,2,6,/home/xiaoze/Desktop/user_folders/Xiaoze/FRET-FISH/iAM788_20220623_001/a488_042.tif,/home/xiaoze/Desktop/user_folders/Xiaoze/FRET-FISH/iAM788_20220623_001/a594_042.tif,/home/xiaoze/Desktop/user_folders/Xiaoze/FRET-FISH/iAM788_20220623_001/a488fret_042.tif,/home/xiaoze/Desktop/user_folders/Xiaoze/FRET-FISH/iAM788_20220623_001/Cy5_042.tif,262,749,24,267,753,25,a488,2871,1768,4343,2967,5
137,042.NM,2,6,/home/xiaoze/Desktop/user_folders/Xiaoze/FRET-FISH/iAM788_20220623_001/a488_042.tif,/home/xiaoze/Desktop/user_folders/Xiaoze/FRET-FISH/iAM788_20220623_001/a594_042.tif,/home/xiaoze/Desktop/user_folders/Xiaoze/FRET-FISH/iAM788_20220623_001/a488fret_042.tif,/home/xiaoze/Desktop/user_folders/Xiaoze/FRET-FISH/iAM788_20220623_001/Cy5_042.tif,296,700,28,296,700,31,a488,2576,1778,4001,2822,6
138,042.NM,3,6,/home/xiaoze/Desktop/user_folders/Xiaoze/FRET-FISH/iAM788_20220623_001/a488_042.tif,/home/xiaoze/Desktop/user_folders/Xiaoze/FRET-FISH/iAM788_20220623_001/a594_042.tif,/home/xiaoze/Desktop/user_folders/Xiaoze/FRET-FISH/iAM788_20220623_001/a488fret_042.tif,/home/xiaoze/Desktop/user_folders/Xiaoze/FRET-FISH/iAM788_20220623_001/Cy5_042.tif,880,900,29,882,900,30,a488,3872,2724,4755,2933,1
138,042.NM,3,6,/home/xiaoze/Desktop/user_folders/Xiaoze/FRET-FISH/iAM788_20220623_001/a488_042.tif,/home/xiaoze/Desktop/user_folders/Xiaoze/FRET-FISH/iAM788_20220623_001/a594_042.tif,/home/xiaoze/Desktop/user_folders/Xiaoze/FRET-FISH/iAM788_20220623_001/a488fret_042.tif,/home/xiaoze/Desktop/user_folders/Xiaoze/FRET-FISH/iAM788_20220623_001/Cy5_042.tif,850,914,31,853,910,33,a488,4234,3377,4526,3235,2
138,042.NM,3,6,/home/xiaoze/Desktop/user_folders/Xiaoze/FRET-FISH/iAM788_20220623_001/a488_042.tif,/home/xiaoze/Desktop/user_folders/Xiaoze/FRET-FISH/iAM788_20220623_001/a594_042.tif,/home/xiaoze/Desktop/user_folders/Xiaoze/FRET-FISH/iAM788_20220623_001/a488fret_042.tif,/home/xiaoze/Desktop/user_folders/Xiaoze/FRET-FISH/iAM788_20220623_001/Cy5_042.tif,840,892,26,844,897,27,a488,3669,4253,4292,6539,3
138,042.NM,3,6,/home/xiaoze/Desktop/user_folders/Xiaoze/FRET-FISH/iAM788_20220623_001/a488_042.tif,/home/xiaoze/Desktop/user_folders/Xiaoze/FRET-FISH/iAM788_20220623_001/a594_042.tif,/home/xiaoze/Desktop/user_folders/Xiaoze/FRET-FISH/iAM788_20220623_001/a488fret_042.tif,/home/xiaoze/Desktop/user_folders/Xiaoze/FRET-FISH/iAM788_20220623_001/Cy5_042.tif,897,925,25,902,926,27,a488,3463,3663,6237,2772,4
138,042.NM,3,6,/home/xiaoze/Desktop/user_folders/Xiaoze/FRET-FISH/iAM788_20220623_001/a488_042.tif,/home/xiaoze/Desktop/user_folders/Xiaoze/FRET-FISH/iAM788_20220623_001/a594_042.tif,/home/xiaoze/Desktop/user_folders/Xiaoze/FRET-FISH/iAM788_20220623_001/a488fret_042.tif,/home/xiaoze/Desktop/user_folders/Xiaoze/FRET-FISH/iAM788_20220623_001/Cy5_042.tif,865,887,24,864,882,22,a488,3114,2137,4735,3193,5
138,042.NM,3,6,/home/xiaoze/Desktop/user_folders/Xiaoze/FRET-FISH/iAM788_20220623_001/a488_042.tif,/home/xiaoze/Desktop/user_folders/Xiaoze/FRET-FISH/iAM788_20220623_001/a594_042.tif,/home/xiaoze/Desktop/user_folders/Xiaoze/FRET-FISH/iAM788_20220623_001/a488fret_042.tif,/home/xiaoze/Desktop/user_folders/Xiaoze/FRET-FISH/iAM788_20220623_001/Cy5_042.tif,866,918,23,866,917,26,a488,3651,4860,4562,3244,6
143,044.NM,1,4,/home/xiaoze/Desktop/user_folders/Xiaoze/FRET-FISH/iAM788_20220623_001/a488_044.tif,/home/xiaoze/Desktop/user_folders/Xiaoze/FRET-FISH/iAM788_20220623_001/a594_044.tif,/home/xiaoze/Desktop/user_folders/Xiaoze/FRET-FISH/iAM788_20220623_001/a488fret_044.tif,/home/xiaoze/Desktop/user_folders/Xiaoze/FRET-FISH/iAM788_20220623_001/Cy5_044.tif,354,105,23,350,106,25,a488,3421,2108,7117,2826,1
143,044.NM,1,4,/home/xiaoze/Desktop/user_folders/Xiaoze/FRET-FISH/iAM788_20220623_001/a488_044.tif,/home/xiaoze/Desktop/user_folders/Xiaoze/FRET-FISH/iAM788_20220623_001/a594_044.tif,/home/xiaoze/Desktop/user_folders/Xiaoze/FRET-FISH/iAM788_20220623_001/a488fret_044.tif,/home/xiaoze/Desktop/user_folders/Xiaoze/FRET-FISH/iAM788_20220623_001/Cy5_044.tif,382,135,35,377,131,35,a488,3393,2011,4476,3289,2
143,044.NM,1,4,/home/xiaoze/Desktop/user_folders/Xiaoze/FRET-FISH/iAM788_20220623_001/a488_044.tif,/home/xiaoze/Desktop/user_folders/Xiaoze/FRET-FISH/iAM788_20220623_001/a594_044.tif,/home/xiaoze/Desktop/user_folders/Xiaoze/FRET-FISH/iAM788_20220623_001/a488fret_044.tif,/home/xiaoze/Desktop/user_folders/Xiaoze/FRET-FISH/iAM788_20220623_001/Cy5_044.tif,385,105,22,387,101,20,a488,3732,2319,4537,3261,3
143,044.NM,1,4,/home/xiaoze/Desktop/user_folders/Xiaoze/FRET-FISH/iAM788_20220623_001/a488_044.tif,/home/xiaoze/Desktop/user_folders/Xiaoze/FRET-FISH/iAM788_20220623_001/a594_044.tif,/home/xiaoze/Desktop/user_folders/Xiaoze/FRET-FISH/iAM788_20220623_001/a488fret_044.tif,/home/xiaoze/Desktop/user_folders/Xiaoze/FRET-FISH/iAM788_20220623_001/Cy5_044.tif,388,116,31,387,116,28,a488,3722,2076,8162,4101,4
152,047.NM,1,6,/home/xiaoze/Desktop/user_folders/Xiaoze/FRET-FISH/iAM788_20220623_001/a488_047.tif,/home/xiaoze/Desktop/user_folders/Xiaoze/FRET-FISH/iAM788_20220623_001/a594_047.tif,/home/xiaoze/Desktop/user_folders/Xiaoze/FRET-FISH/iAM788_20220623_001/a488fret_047.tif,/home/xiaoze/Desktop/user_folders/Xiaoze/FRET-FISH/iAM788_20220623_001/Cy5_047.tif,717,663,20,719,664,21,a488,2521,1893,3414,2859,1
152,047.NM,1,6,/home/xiaoze/Desktop/user_folders/Xiaoze/FRET-FISH/iAM788_20220623_001/a488_047.tif,/home/xiaoze/Desktop/user_folders/Xiaoze/FRET-FISH/iAM788_20220623_001/a594_047.tif,/home/xiaoze/Desktop/user_folders/Xiaoze/FRET-FISH/iAM788_20220623_001/a488fret_047.tif,/home/xiaoze/Desktop/user_folders/Xiaoze/FRET-FISH/iAM788_20220623_001/Cy5_047.tif,727,611,25,730,612,26,a488,2818,1810,3412,3140,2
152,047.NM,1,6,/home/xiaoze/Desktop/user_folders/Xiaoze/FRET-FISH/iAM788_20220623_001/a488_047.tif,/home/xiaoze/Desktop/user_folders/Xiaoze/FRET-FISH/iAM788_20220623_001/a594_047.tif,/home/xiaoze/Desktop/user_folders/Xiaoze/FRET-FISH/iAM788_20220623_001/a488fret_047.tif,/home/xiaoze/Desktop/user_folders/Xiaoze/FRET-FISH/iAM788_20220623_001/Cy5_047.tif,727,719,21,731,719,21,a488,2650,1621,3443,2421,3
152,047.NM,1,6,/home/xiaoze/Desktop/user_folders/Xiaoze/FRET-FISH/iAM788_20220623_001/a488_047.tif,/home/xiaoze/Desktop/user_folders/Xiaoze/FRET-FISH/iAM788_20220623_001/a594_047.tif,/home/xiaoze/Desktop/user_folders/Xiaoze/FRET-FISH/iAM788_20220623_001/a488fret_047.tif,/home/xiaoze/Desktop/user_folders/Xiaoze/FRET-FISH/iAM788_20220623_001/Cy5_047.tif,730,677,24,736,678,25,a488,2498,2403,3349,2636,4
152,047.NM,1,6,/home/xiaoze/Desktop/user_folders/Xiaoze/FRET-FISH/iAM788_20220623_001/a488_047.tif,/home/xiaoze/Desktop/user_folders/Xiaoze/FRET-FISH/iAM788_20220623_001/a594_047.tif,/home/xiaoze/Desktop/user_folders/Xiaoze/FRET-FISH/iAM788_20220623_001/a488fret_047.tif,/home/xiaoze/Desktop/user_folders/Xiaoze/FRET-FISH/iAM788_20220623_001/Cy5_047.tif,677,688,22,682,688,24,a488,3398,6135,3442,2703,5
152,047.NM,1,6,/home/xiaoze/Desktop/user_folders/Xiaoze/FRET-FISH/iAM788_20220623_001/a488_047.tif,/home/xiaoze/Desktop/user_folders/Xiaoze/FRET-FISH/iAM788_20220623_001/a594_047.tif,/home/xiaoze/Desktop/user_folders/Xiaoze/FRET-FISH/iAM788_20220623_001/a488fret_047.tif,/home/xiaoze/Desktop/user_folders/Xiaoze/FRET-FISH/iAM788_20220623_001/Cy5_047.tif,752,674,23,753,674,20,a488,3306,4587,3640,2808,6
154,048.NM,1,6,/home/xiaoze/Desktop/user_folders/Xiaoze/FRET-FISH/iAM788_20220623_001/a488_048.tif,/home/xiaoze/Desktop/user_folders/Xiaoze/FRET-FISH/iAM788_20220623_001/a594_048.tif,/home/xiaoze/Desktop/user_folders/Xiaoze/FRET-FISH/iAM788_20220623_001/a488fret_048.tif,/home/xiaoze/Desktop/user_folders/Xiaoze/FRET-FISH/iAM788_20220623_001/Cy5_048.tif,486,74,24,486,73,25,a488,2745,2732,4212,2537,1
154,048.NM,1,6,/home/xiaoze/Desktop/user_folders/Xiaoze/FRET-FISH/iAM788_20220623_001/a488_048.tif,/home/xiaoze/Desktop/user_folders/Xiaoze/FRET-FISH/iAM788_20220623_001/a594_048.tif,/home/xiaoze/Desktop/user_folders/Xiaoze/FRET-FISH/iAM788_20220623_001/a488fret_048.tif,/home/xiaoze/Desktop/user_folders/Xiaoze/FRET-FISH/iAM788_20220623_001/Cy5_048.tif,391,89,25,392,89,26,a488,2848,2081,4113,2762,2
154,048.NM,1,6,/home/xiaoze/Desktop/user_folders/Xiaoze/FRET-FISH/iAM788_20220623_001/a488_048.tif,/home/xiaoze/Desktop/user_folders/Xiaoze/FRET-FISH/iAM788_20220623_001/a594_048.tif,/home/xiaoze/Desktop/user_folders/Xiaoze/FRET-FISH/iAM788_20220623_001/a488fret_048.tif,/home/xiaoze/Desktop/user_folders/Xiaoze/FRET-FISH/iAM788_20220623_001/Cy5_048.tif,466,93,20,467,88,21,a488,3299,4147,8903,2850,3
154,048.NM,1,6,/home/xiaoze/Desktop/user_folders/Xiaoze/FRET-FISH/iAM788_20220623_001/a488_048.tif,/home/xiaoze/Desktop/user_folders/Xiaoze/FRET-FISH/iAM788_20220623_001/a594_048.tif,/home/xiaoze/Desktop/user_folders/Xiaoze/FRET-FISH/iAM788_20220623_001/a488fret_048.tif,/home/xiaoze/Desktop/user_folders/Xiaoze/FRET-FISH/iAM788_20220623_001/Cy5_048.tif,422,107,28,426,108,26,a488,3258,2715,3999,2914,4
154,048.NM,1,6,/home/xiaoze/Desktop/user_folders/Xiaoze/FRET-FISH/iAM788_20220623_001/a488_048.tif,/home/xiaoze/Desktop/user_folders/Xiaoze/FRET-FISH/iAM788_20220623_001/a594_048.tif,/home/xiaoze/Desktop/user_folders/Xiaoze/FRET-FISH/iAM788_20220623_001/a488fret_048.tif,/home/xiaoze/Desktop/user_folders/Xiaoze/FRET-FISH/iAM788_20220623_001/Cy5_048.tif,451,124,27,453,120,25,a488,2817,2237,4671,2723,5
154,048.NM,1,6,/home/xiaoze/Desktop/user_folders/Xiaoze/FRET-FISH/iAM788_20220623_001/a488_048.tif,/home/xiaoze/Desktop/user_folders/Xiaoze/FRET-FISH/iAM788_20220623_001/a594_048.tif,/home/xiaoze/Desktop/user_folders/Xiaoze/FRET-FISH/iAM788_20220623_001/a488fret_048.tif,/home/xiaoze/Desktop/user_folders/Xiaoze/FRET-FISH/iAM788_20220623_001/Cy5_048.tif,432,124,21,433,119,19,a488,5358,11764,4118,3318,6
157,048.NM,4,5,/home/xiaoze/Desktop/user_folders/Xiaoze/FRET-FISH/iAM788_20220623_001/a488_048.tif,/home/xiaoze/Desktop/user_folders/Xiaoze/FRET-FISH/iAM788_20220623_001/a594_048.tif,/home/xiaoze/Desktop/user_folders/Xiaoze/FRET-FISH/iAM788_20220623_001/a488fret_048.tif,/home/xiaoze/Desktop/user_folders/Xiaoze/FRET-FISH/iAM788_20220623_001/Cy5_048.tif,621,747,20,622,747,19,a488,3075,2593,4691,4658,1
157,048.NM,4,5,/home/xiaoze/Desktop/user_folders/Xiaoze/FRET-FISH/iAM788_20220623_001/a488_048.tif,/home/xiaoze/Desktop/user_folders/Xiaoze/FRET-FISH/iAM788_20220623_001/a594_048.tif,/home/xiaoze/Desktop/user_folders/Xiaoze/FRET-FISH/iAM788_20220623_001/a488fret_048.tif,/home/xiaoze/Desktop/user_folders/Xiaoze/FRET-FISH/iAM788_20220623_001/Cy5_048.tif,546,767,19,547,767,21,a488,2787,3964,4184,2568,2
157,048.NM,4,5,/home/xiaoze/Desktop/user_folders/Xiaoze/FRET-FISH/iAM788_20220623_001/a488_048.tif,/home/xiaoze/Desktop/user_folders/Xiaoze/FRET-FISH/iAM788_20220623_001/a594_048.tif,/home/xiaoze/Desktop/user_folders/Xiaoze/FRET-FISH/iAM788_20220623_001/a488fret_048.tif,/home/xiaoze/Desktop/user_folders/Xiaoze/FRET-FISH/iAM788_20220623_001/Cy5_048.tif,560,734,22,559,737,20,a488,2952,2673,5089,2668,3
157,048.NM,4,5,/home/xiaoze/Desktop/user_folders/Xiaoze/FRET-FISH/iAM788_20220623_001/a488_048.tif,/home/xiaoze/Desktop/user_folders/Xiaoze/FRET-FISH/iAM788_20220623_001/a594_048.tif,/home/xiaoze/Desktop/user_folders/Xiaoze/FRET-FISH/iAM788_20220623_001/a488fret_048.tif,/home/xiaoze/Desktop/user_folders/Xiaoze/FRET-FISH/iAM788_20220623_001/Cy5_048.tif,580,745,24,582,748,22,a488,3463,3473,12072,6875,4
157,048.NM,4,5,/home/xiaoze/Desktop/user_folders/Xiaoze/FRET-FISH/iAM788_20220623_001/a488_048.tif,/home/xiaoze/Desktop/user_folders/Xiaoze/FRET-FISH/iAM788_20220623_001/a594_048.tif,/home/xiaoze/Desktop/user_folders/Xiaoze/FRET-FISH/iAM788_20220623_001/a488fret_048.tif,/home/xiaoze/Desktop/user_folders/Xiaoze/FRET-FISH/iAM788_20220623_001/Cy5_048.tif,628,723,24,631,721,22,a488,4127,5649,9254,3187,5
158,048.NM,5,6,/home/xiaoze/Desktop/user_folders/Xiaoze/FRET-FISH/iAM788_20220623_001/a488_048.tif,/home/xiaoze/Desktop/user_folders/Xiaoze/FRET-FISH/iAM788_20220623_001/a594_048.tif,/home/xiaoze/Desktop/user_folders/Xiaoze/FRET-FISH/iAM788_20220623_001/a488fret_048.tif,/home/xiaoze/Desktop/user_folders/Xiaoze/FRET-FISH/iAM788_20220623_001/Cy5_048.tif,261,919,22,261,922,23,a488,8823,2544,4523,4413,1
158,048.NM,5,6,/home/xiaoze/Desktop/user_folders/Xiaoze/FRET-FISH/iAM788_20220623_001/a488_048.tif,/home/xiaoze/Desktop/user_folders/Xiaoze/FRET-FISH/iAM788_20220623_001/a594_048.tif,/home/xiaoze/Desktop/user_folders/Xiaoze/FRET-FISH/iAM788_20220623_001/a488fret_048.tif,/home/xiaoze/Desktop/user_folders/Xiaoze/FRET-FISH/iAM788_20220623_001/Cy5_048.tif,285,894,21,286,894,23,a488,2915,2173,4799,2887,2
158,048.NM,5,6,/home/xiaoze/Desktop/user_folders/Xiaoze/FRET-FISH/iAM788_20220623_001/a488_048.tif,/home/xiaoze/Desktop/user_folders/Xiaoze/FRET-FISH/iAM788_20220623_001/a594_048.tif,/home/xiaoze/Desktop/user_folders/Xiaoze/FRET-FISH/iAM788_20220623_001/a488fret_048.tif,/home/xiaoze/Desktop/user_folders/Xiaoze/FRET-FISH/iAM788_20220623_001/Cy5_048.tif,280,870,27,279,869,29,a488,3381,4612,4458,2708,3
158,048.NM,5,6,/home/xiaoze/Desktop/user_folders/Xiaoze/FRET-FISH/iAM788_20220623_001/a488_048.tif,/home/xiaoze/Desktop/user_folders/Xiaoze/FRET-FISH/iAM788_20220623_001/a594_048.tif,/home/xiaoze/Desktop/user_folders/Xiaoze/FRET-FISH/iAM788_20220623_001/a488fret_048.tif,/home/xiaoze/Desktop/user_folders/Xiaoze/FRET-FISH/iAM788_20220623_001/Cy5_048.tif,310,915,29,308,916,31,a488,3227,2261,4519,3055,4
158,048.NM,5,6,/home/xiaoze/Desktop/user_folders/Xiaoze/FRET-FISH/iAM788_20220623_001/a488_048.tif,/home/xiaoze/Desktop/user_folders/Xiaoze/FRET-FISH/iAM788_20220623_001/a594_048.tif,/home/xiaoze/Desktop/user_folders/Xiaoze/FRET-FISH/iAM788_20220623_001/a488fret_048.tif,/home/xiaoze/Desktop/user_folders/Xiaoze/FRET-FISH/iAM788_20220623_001/Cy5_048.tif,297,866,20,293,867,22,a488,3100,3340,6406,6854,5
158,048.NM,5,6,/home/xiaoze/Desktop/user_folders/Xiaoze/FRET-FISH/iAM788_20220623_001/a488_048.tif,/home/xiaoze/Desktop/user_folders/Xiaoze/FRET-FISH/iAM788_20220623_001/a594_048.tif,/home/xiaoze/Desktop/user_folders/Xiaoze/FRET-FISH/iAM788_20220623_001/a488fret_048.tif,/home/xiaoze/Desktop/user_folders/Xiaoze/FRET-FISH/iAM788_20220623_001/Cy5_048.tif,305,883,24,308,887,26,a488,3370,4997,8745,7239,6
161,050.NM,1,5,/home/xiaoze/Desktop/user_folders/Xiaoze/FRET-FISH/iAM788_20220623_001/a488_050.tif,/home/xiaoze/Desktop/user_folders/Xiaoze/FRET-FISH/iAM788_20220623_001/a594_050.tif,/home/xiaoze/Desktop/user_folders/Xiaoze/FRET-FISH/iAM788_20220623_001/a488fret_050.tif,/home/xiaoze/Desktop/user_folders/Xiaoze/FRET-FISH/iAM788_20220623_001/Cy5_050.tif,440,160,29,440,159,29,a488,3568,2351,4632,3273,1
161,050.NM,1,5,/home/xiaoze/Desktop/user_folders/Xiaoze/FRET-FISH/iAM788_20220623_001/a488_050.tif,/home/xiaoze/Desktop/user_folders/Xiaoze/FRET-FISH/iAM788_20220623_001/a594_050.tif,/home/xiaoze/Desktop/user_folders/Xiaoze/FRET-FISH/iAM788_20220623_001/a488fret_050.tif,/home/xiaoze/Desktop/user_folders/Xiaoze/FRET-FISH/iAM788_20220623_001/Cy5_050.tif,436,214,28,436,214,29,a488,3261,2271,4651,2736,2
161,050.NM,1,5,/home/xiaoze/Desktop/user_folders/Xiaoze/FRET-FISH/iAM788_20220623_001/a488_050.tif,/home/xiaoze/Desktop/user_folders/Xiaoze/FRET-FISH/iAM788_20220623_001/a594_050.tif,/home/xiaoze/Desktop/user_folders/Xiaoze/FRET-FISH/iAM788_20220623_001/a488fret_050.tif,/home/xiaoze/Desktop/user_folders/Xiaoze/FRET-FISH/iAM788_20220623_001/Cy5_050.tif,409,184,20,413,184,21,a488,3477,2291,6268,3259,3
161,050.NM,1,5,/home/xiaoze/Desktop/user_folders/Xiaoze/FRET-FISH/iAM788_20220623_001/a488_050.tif,/home/xiaoze/Desktop/user_folders/Xiaoze/FRET-FISH/iAM788_20220623_001/a594_050.tif,/home/xiaoze/Desktop/user_folders/Xiaoze/FRET-FISH/iAM788_20220623_001/a488fret_050.tif,/home/xiaoze/Desktop/user_folders/Xiaoze/FRET-FISH/iAM788_20220623_001/Cy5_050.tif,411,192,31,407,194,29,a488,4741,5133,4637,7062,4
161,050.NM,1,5,/home/xiaoze/Desktop/user_folders/Xiaoze/FRET-FISH/iAM788_20220623_001/a488_050.tif,/home/xiaoze/Desktop/user_folders/Xiaoze/FRET-FISH/iAM788_20220623_001/a594_050.tif,/home/xiaoze/Desktop/user_folders/Xiaoze/FRET-FISH/iAM788_20220623_001/a488fret_050.tif,/home/xiaoze/Desktop/user_folders/Xiaoze/FRET-FISH/iAM788_20220623_001/Cy5_050.tif,428,190,24,429,190,27,a488,4901,7575,7873,4430,5
